;;Bauinvestitionen in Mio. CHF, Kanton St.Gallen, Wahlkreise und Gemeinden, 1994 - 2022;;;;;;;;;;;;;Bauinvestitionen in Mio. CHF, Kanton St.Gallen, Wahlkreise und Gemeinden, 1994 - 2022;;;;;;;;;;;;;;;;;;;;;;;;;;;;;;;;;;;;;;;;;;;;;;;;;;;;;;;;;;;;;;;;;;;;;;;;;;;;;;;;;;;;;;;;;;;;;;;;;;;;;;;;;;;;;;;;;;;;;;;;;;;;;;;;;;;;;;;;;;;;;;;;;;;;;;;;;;;;;;;;;;;;;;;;;;;;;;;;;;;;;;;;;;;;;;;;;;;;;;;;;;;;;;;;;;;;;;;;;;;;;;;;;;;;;;;;;;;;;;;;;;;;;;;;;;
;;;;;;;;;;;;;;;;;;;;;;;;;;;;;;;;;;;;;;;;;;;;;;;;;;;;;;;;;;;;;;;;;;;;;;;;;;;;;;;;;;;;;;;;;;;;;;;;;;;;;;;;;;;;;;;;;;;;;;;;;;;;;;;;;;;;;;;;;;;;;;;;;;;;;;;;;;;;;;;;;;;;;;;;;;;;;;;;;;;;;;;;;;;;;;;;;;;;;;;;;;;;;;;;;;;;;;;;;;;;;;;;;;;;;;;;;;;;;;;;;;;;;;;;;;;;;;;;;;;;;;;;;
;;"Bundesamt für Statistik: Bau- und Wohnbaustatistik (ab 2013 neues Erhebungskonzept; mit Korrekturen FfS-St.Gallen)";;;"Bundesamt für Statistik: Bau- und Wohnbaustatistik (ab 2013 neues Erhebungskonzept; mit Korrekturen FfS-St.Gallen)";;;;;;;;;;"Bundesamt für Statistik: Bau- und Wohnbaustatistik (ab 2013 neues Erhebungskonzept; mit Korrekturen FfS-St.Gallen)";;;;;;;;;;;;;;;;;;;;;;;;;;;;;;;;;;;;;;;;;;;;;;;;;;;;;;;;;;;;;;;;;;;;;;;;;;;;;;;;;;;;;;;;;;;;;;;;;;;;;;;;;;;;;;;;;;;;;;;;;;;;;;;;;;;;;;;;;;;;;;;;;;;;;;;;;;;;;;;;;;;;;;;;;;;;;;;;;;;;;;;;;;;;;;;;;;;;;;;;;;;;;;;;;;;;;;;;;;;;;;;;;;;;;;;;;;;;;;;;;;;;;;;;;;
;;;;;;;;;;;;;;;;;;;;;;;;;;;;;;;;;;;;;;;;;;;;;;;;;;;;;;;;;;;;;;;;;;;;;;;;;;;;;;;;;;;;;;;;;;;;;;;;;;;;;;;;;;;;;;;;;;;;;;;;;;;;;;;;;;;;;;;;;;;;;;;;;;;;;;;;;;;;;;;;;;;;;;;;;;;;;;;;;;;;;;;;;;;;;;;;;;;;;;;;;;;;;;;;;;;;;;;;;;;;;;;;;;;;;;;;;;;;;;;;;;;;;;;;;;;;;;;;;;;;;;;;;
;;;;;;;;;;;;;;;;;;;;;;;;;;;;;;;;;;;;;;;;;;;;;;;;;;;;;;;;;;;;;;;;;;;;;;;;;;;;;;;;;;;;;;;;;;;;;;;;;;;;;;;;;;;;;;;;;;;;;;;;;;;;;;;;;;;;;;;;;;;;;;;;;;;;;;;;;;;;;;;;;;;;;;;;;;;;;;;;;;;;;;;;;;;;;;;;;;;;;;;;;;;;;;;;;;;;;;;;;;;;;;;;;;;;;;;;;;;;;;;;;;;;;;;;;;;;;;;;;;;;;;;;;
;;;;;;;;;;;;;;;;;;;;;;;;;;;;;;;;;;;;;;;;;;;;;;;;;;;;;;;;;;;;;;;;;;;;;;;;;;;;;;;;;;;;;;;;;;;;;;;;;;;;;;;;;;;;;;;;;;;;;;;;;;;;;;;;;;;;;;;;;;;;;;;;;;;;;;;;;;;;;;;;;;;;;;;;;;;;;;;;;;;;;;;;;;;;;;;;;;;;;;;;;;;;;;;;;;;;;;;;;;;;;;;;;;;;;;;;;;;;;;;;;;;;;;;;;;;;;;;;;;;;;;;;;
BFS-Nr.;Räumliche Ebene;2022;2021;2020;2019;2018;2017;2016;2015;2014;2013;2012;2011;2010;2009;2008;2007;2006;2005;2004;2003;2002;2001;2000;1999;1998;1997;1996;1995;1994;;;;;;;;;;;;;;;;;;;;;;;;;;;;;;;;;;;;;;;;;;;;;;;;;;;;;;;;;;;;;;;;;;;;;;;;;;;;;;;;;;;;;;;;;;;;;;;;;;;;;;;;;;;;;;;;;;;;;;;;;;;;;;;;;;;;;;;;;;;;;;;;;;;;;;;;;;;;;;;;;;;;;;;;;;;;;;;;;;;;;;;;;;;;;;;;;;;;;;;;;;;;;;;;;;;;;;;;;;;;;;;;;;;;;;;;;;;
;;;;;;;;;;;;;;;;;;;;;;;;;;;;;;;;;;;;;;;;;;;;;;;;;;;;;;;;;;;;;;;;;;;;;;;;;;;;;;;;;;;;;;;;;;;;;;;;;;;;;;;;;;;;;;;;;;;;;;;;;;;;;;;;;;;;;;;;;;;;;;;;;;;;;;;;;;;;;;;;;;;;;;;;;;;;;;;;;;;;;;;;;;;;;;;;;;;;;;;;;;;;;;;;;;;;;;;;;;;;;;;;;;;;;;;;;;;;;;;;;;;;;;;;;;;;;;;;;;;;;;;;;
17;Kanton St.Gallen;2988.826; 3’041.9 ; 3’155.8 ; 2’994.5 ; 2’899.9 ; 2’733.6 ; 2’739.1 ; 2’636.5 ; 2’590.3 ; 2’782.3 ; 2’899.9 ; 2’759.1 ; 2’676.9 ; 2’498.0 ; 2’691.3 ; 2’481.7 ; 2’408.2 ; 2’444.7 ; 2’252.1 ; 2’205.8 ; 2’185.7 ; 2’565.2 ; 2’150.3 ; 2’044.5 ; 2’049.8 ; 2’165.2 ; 2’451.9 ; 2’849.7 ; 3’020.4 ;;;;;;;;;;;;;;;;;;;;;;;;;;;;;;;;;;;;;;;;;;;;;;;;;;;;;;;;;;;;;;;;;;;;;;;;;;;;;;;;;;;;;;;;;;;;;;;;;;;;;;;;;;;;;;;;;;;;;;;;;;;;;;;;;;;;;;;;;;;;;;;;;;;;;;;;;;;;;;;;;;;;;;;;;;;;;;;;;;;;;;;;;;;;;;;;;;;;;;;;;;;;;;;;;;;;;;;;;;;;;;;;;;;;;;;;;;;
;;;;;;;;;;;;;;;;;;;;;;;;;;;;;;;;;;;;;;;;;;;;;;;;;;;;;;;;;;;;;;;;;;;;;;;;;;;;;;;;;;;;;;;;;;;;;;;;;;;;;;;;;;;;;;;;;;;;;;;;;;;;;;;;;;;;;;;;;;;;;;;;;;;;;;;;;;;;;;;;;;;;;;;;;;;;;;;;;;;;;;;;;;;;;;;;;;;;;;;;;;;;;;;;;;;;;;;;;;;;;;;;;;;;;;;;;;;;;;;;;;;;;;;;;;;;;;;;;;;;;;;;;
1721;Wahlkreis St.Gallen;681.18; 665.1 ; 778.8 ; 706.2 ; 704.0 ; 668.5 ; 684.2 ; 657.7 ; 631.4 ; 582.6 ; 615.4 ; 649.0 ; 681.1 ; 567.0 ; 732.8 ; 724.1 ; 680.5 ; 706.8 ; 541.0 ; 544.2 ; 633.0 ; 1’007.1 ; 462.1 ; 502.5 ; 494.8 ; 550.3 ; 655.4 ; 686.7 ; 621.4 ;;;;;;;;;;;;;;;;;;;;;;;;;;;;;;;;;;;;;;;;;;;;;;;;;;;;;;;;;;;;;;;;;;;;;;;;;;;;;;;;;;;;;;;;;;;;;;;;;;;;;;;;;;;;;;;;;;;;;;;;;;;;;;;;;;;;;;;;;;;;;;;;;;;;;;;;;;;;;;;;;;;;;;;;;;;;;;;;;;;;;;;;;;;;;;;;;;;;;;;;;;;;;;;;;;;;;;;;;;;;;;;;;;;;;;;;;;;
3441;Andwil (SG);8.155; 7.2 ; 14.1 ; 12.9 ; 11.6 ; 18.1 ; 16.2 ; 6.7 ; 3.8 ; 6.9 ; 9.1 ; 9.3 ; 6.2 ; 3.5 ; 10.8 ; 13.0 ; 9.0 ; 7.5 ; 10.3 ; 9.4 ; 12.2 ; 8.5 ; 25.5 ; 14.2 ; 9.8 ; 17.6 ; 21.0 ; 13.2 ; 10.3 ;;;;;;;;;;;;;;;;;;;;;;;;;;;;;;;;;;;;;;;;;;;;;;;;;;;;;;;;;;;;;;;;;;;;;;;;;;;;;;;;;;;;;;;;;;;;;;;;;;;;;;;;;;;;;;;;;;;;;;;;;;;;;;;;;;;;;;;;;;;;;;;;;;;;;;;;;;;;;;;;;;;;;;;;;;;;;;;;;;;;;;;;;;;;;;;;;;;;;;;;;;;;;;;;;;;;;;;;;;;;;;;;;;;;;;;;;;;
3212;Eggersriet;9.185; 8.3 ; 7.6 ; 6.3 ; 22.2 ; 10.0 ; 3.5 ; 4.2 ; 4.2 ; 5.7 ; 9.8 ; 7.1 ; 6.8 ; 7.8 ; 2.4 ; 6.5 ; 10.5 ; 4.0 ; 8.6 ; 8.8 ; 3.9 ; 6.6 ; 7.9 ; 6.4 ; 4.0 ; 2.9 ; 10.9 ; 13.4 ; 8.9 ;;;;;;;;;;;;;;;;;;;;;;;;;;;;;;;;;;;;;;;;;;;;;;;;;;;;;;;;;;;;;;;;;;;;;;;;;;;;;;;;;;;;;;;;;;;;;;;;;;;;;;;;;;;;;;;;;;;;;;;;;;;;;;;;;;;;;;;;;;;;;;;;;;;;;;;;;;;;;;;;;;;;;;;;;;;;;;;;;;;;;;;;;;;;;;;;;;;;;;;;;;;;;;;;;;;;;;;;;;;;;;;;;;;;;;;;;;;
3442;Gaiserwald;29.051; 19.9 ; 34.4 ; 31.5 ; 35.8 ; 45.4 ; 52.0 ; 57.9 ; 44.1 ; 42.1 ; 21.3 ; 28.1 ; 17.7 ; 25.2 ; 14.0 ; 36.8 ; 18.4 ; 40.0 ; 20.3 ; 20.0 ; 17.5 ; 27.4 ; 30.1 ; 33.5 ; 27.1 ; 74.4 ; 39.1 ; 54.1 ; 46.6 ;;;;;;;;;;;;;;;;;;;;;;;;;;;;;;;;;;;;;;;;;;;;;;;;;;;;;;;;;;;;;;;;;;;;;;;;;;;;;;;;;;;;;;;;;;;;;;;;;;;;;;;;;;;;;;;;;;;;;;;;;;;;;;;;;;;;;;;;;;;;;;;;;;;;;;;;;;;;;;;;;;;;;;;;;;;;;;;;;;;;;;;;;;;;;;;;;;;;;;;;;;;;;;;;;;;;;;;;;;;;;;;;;;;;;;;;;;;
3443;Gossau (SG);98.703; 69.7 ; 56.4 ; 51.4 ; 55.7 ; 79.0 ; 81.7 ; 82.3 ; 76.5 ; 53.9 ; 85.6 ; 73.6 ; 50.4 ; 58.7 ; 89.7 ; 132.5 ; 59.3 ; 87.1 ; 75.3 ; 50.7 ; 83.4 ; 82.2 ; 89.6 ; 93.7 ; 106.6 ; 117.9 ; 154.7 ; 157.5 ; 117.5 ;;;;;;;;;;;;;;;;;;;;;;;;;;;;;;;;;;;;;;;;;;;;;;;;;;;;;;;;;;;;;;;;;;;;;;;;;;;;;;;;;;;;;;;;;;;;;;;;;;;;;;;;;;;;;;;;;;;;;;;;;;;;;;;;;;;;;;;;;;;;;;;;;;;;;;;;;;;;;;;;;;;;;;;;;;;;;;;;;;;;;;;;;;;;;;;;;;;;;;;;;;;;;;;;;;;;;;;;;;;;;;;;;;;;;;;;;;;
3201;Häggenschwil;8.452; 5.8 ; 3.3 ; 7.6 ; 10.7 ; 17.7 ; 8.6 ; 11.1 ; 14.7 ; 12.1 ; 9.0 ; 7.1 ; 7.5 ; 15.6 ; 3.0 ; 8.2 ; 9.1 ; 2.6 ; 6.1 ; 1.8 ; 4.6 ; 6.5 ; 8.9 ; 8.2 ; 5.9 ; 6.2 ; 4.0 ; 13.7 ; 5.6 ;;;;;;;;;;;;;;;;;;;;;;;;;;;;;;;;;;;;;;;;;;;;;;;;;;;;;;;;;;;;;;;;;;;;;;;;;;;;;;;;;;;;;;;;;;;;;;;;;;;;;;;;;;;;;;;;;;;;;;;;;;;;;;;;;;;;;;;;;;;;;;;;;;;;;;;;;;;;;;;;;;;;;;;;;;;;;;;;;;;;;;;;;;;;;;;;;;;;;;;;;;;;;;;;;;;;;;;;;;;;;;;;;;;;;;;;;;;
3202;Muolen;5.067; 3.8 ; 3.3 ; 7.0 ; 11.9 ; 10.1 ; 7.2 ; 9.6 ; 11.5 ; 3.4 ; 7.9 ; 20.8 ; 32.2 ; 9.3 ; 10.3 ; 2.7 ; 2.6 ; 2.7 ; 3.6 ; 3.6 ; 1.7 ; 4.5 ; 5.3 ; 8.2 ; 4.6 ; 3.7 ; 6.2 ; 5.3 ; 8.4 ;;;;;;;;;;;;;;;;;;;;;;;;;;;;;;;;;;;;;;;;;;;;;;;;;;;;;;;;;;;;;;;;;;;;;;;;;;;;;;;;;;;;;;;;;;;;;;;;;;;;;;;;;;;;;;;;;;;;;;;;;;;;;;;;;;;;;;;;;;;;;;;;;;;;;;;;;;;;;;;;;;;;;;;;;;;;;;;;;;;;;;;;;;;;;;;;;;;;;;;;;;;;;;;;;;;;;;;;;;;;;;;;;;;;;;;;;;;
3203;St.Gallen;482.837; 508.9 ; 604.9 ; 523.6 ; 492.1 ; 456.6 ; 463.3 ; 438.5 ; 407.7 ; 388.2 ; 437.1 ; 446.7 ; 471.0 ; 397.1 ; 540.5 ; 454.2 ; 504.4 ; 508.6 ; 360.6 ; 408.5 ; 468.8 ; 831.5 ; 254.3 ; 269.0 ; 268.1 ; 262.9 ; 342.8 ; 347.4 ; 348.2 ;;;;;;;;;;;;;;;;;;;;;;;;;;;;;;;;;;;;;;;;;;;;;;;;;;;;;;;;;;;;;;;;;;;;;;;;;;;;;;;;;;;;;;;;;;;;;;;;;;;;;;;;;;;;;;;;;;;;;;;;;;;;;;;;;;;;;;;;;;;;;;;;;;;;;;;;;;;;;;;;;;;;;;;;;;;;;;;;;;;;;;;;;;;;;;;;;;;;;;;;;;;;;;;;;;;;;;;;;;;;;;;;;;;;;;;;;;;
3444;Waldkirch;17.097; 13.9 ; 12.0 ; 24.4 ; 22.7 ; 16.6 ; 20.0 ; 13.6 ; 33.3 ; 28.3 ; 15.5 ; 13.1 ; 23.4 ; 19.6 ; 27.5 ; 18.4 ; 16.2 ; 16.2 ; 21.6 ; 14.4 ; 11.0 ; 14.8 ; 14.3 ; 34.1 ; 17.2 ; 13.8 ; 17.4 ; 30.4 ; 28.9 ;;;;;;;;;;;;;;;;;;;;;;;;;;;;;;;;;;;;;;;;;;;;;;;;;;;;;;;;;;;;;;;;;;;;;;;;;;;;;;;;;;;;;;;;;;;;;;;;;;;;;;;;;;;;;;;;;;;;;;;;;;;;;;;;;;;;;;;;;;;;;;;;;;;;;;;;;;;;;;;;;;;;;;;;;;;;;;;;;;;;;;;;;;;;;;;;;;;;;;;;;;;;;;;;;;;;;;;;;;;;;;;;;;;;;;;;;;;
3204;Wittenbach;22.633; 27.6 ; 42.7 ; 41.4 ; 41.3 ; 15.1 ; 31.6 ; 33.8 ; 35.5 ; 41.9 ; 20.0 ; 43.2 ; 66.0 ; 30.3 ; 34.7 ; 52.0 ; 51.1 ; 38.1 ; 34.7 ; 27.0 ; 29.8 ; 25.1 ; 26.2 ; 35.0 ; 51.6 ; 51.0 ; 59.4 ; 51.7 ; 47.0 ;;;;;;;;;;;;;;;;;;;;;;;;;;;;;;;;;;;;;;;;;;;;;;;;;;;;;;;;;;;;;;;;;;;;;;;;;;;;;;;;;;;;;;;;;;;;;;;;;;;;;;;;;;;;;;;;;;;;;;;;;;;;;;;;;;;;;;;;;;;;;;;;;;;;;;;;;;;;;;;;;;;;;;;;;;;;;;;;;;;;;;;;;;;;;;;;;;;;;;;;;;;;;;;;;;;;;;;;;;;;;;;;;;;;;;;;;;;
;;;;;;;;;;;;;;;;;;;;;;;;;;;;;;;;;;;;;;;;;;;;;;;;;;;;;;;;;;;;;;;;;;;;;;;;;;;;;;;;;;;;;;;;;;;;;;;;;;;;;;;;;;;;;;;;;;;;;;;;;;;;;;;;;;;;;;;;;;;;;;;;;;;;;;;;;;;;;;;;;;;;;;;;;;;;;;;;;;;;;;;;;;;;;;;;;;;;;;;;;;;;;;;;;;;;;;;;;;;;;;;;;;;;;;;;;;;;;;;;;;;;;;;;;;;;;;;;;;;;;;;;;
1722;Wahlkreis Rorschach;248.252; 214.3 ; 236.4 ; 207.0 ; 249.0 ; 227.1 ; 200.8 ; 149.2 ; 135.5 ; 234.8 ; 279.0 ; 271.0 ; 172.5 ; 193.2 ; 155.5 ; 157.0 ; 127.5 ; 131.3 ; 135.3 ; 149.2 ; 126.9 ; 158.3 ; 201.1 ; 185.0 ; 185.3 ; 176.3 ; 167.0 ; 228.8 ; 221.6 ;;;;;;;;;;;;;;;;;;;;;;;;;;;;;;;;;;;;;;;;;;;;;;;;;;;;;;;;;;;;;;;;;;;;;;;;;;;;;;;;;;;;;;;;;;;;;;;;;;;;;;;;;;;;;;;;;;;;;;;;;;;;;;;;;;;;;;;;;;;;;;;;;;;;;;;;;;;;;;;;;;;;;;;;;;;;;;;;;;;;;;;;;;;;;;;;;;;;;;;;;;;;;;;;;;;;;;;;;;;;;;;;;;;;;;;;;;;
3211;Berg (SG);8.925; 10.3 ; 8.8 ; 10.1 ; 8.7 ; 4.0 ; 2.3 ; 1.7 ; 3.2 ; 2.2 ; 1.9 ; 2.4 ; 2.5 ; 1.3 ; 1.9 ; 1.6 ; 1.5 ; 2.6 ; 1.3 ; 2.7 ; 0.7 ; 1.9 ; 3.4 ; 3.7 ; 2.1 ; 3.1 ; 4.9 ; 7.2 ; 6.5 ;;;;;;;;;;;;;;;;;;;;;;;;;;;;;;;;;;;;;;;;;;;;;;;;;;;;;;;;;;;;;;;;;;;;;;;;;;;;;;;;;;;;;;;;;;;;;;;;;;;;;;;;;;;;;;;;;;;;;;;;;;;;;;;;;;;;;;;;;;;;;;;;;;;;;;;;;;;;;;;;;;;;;;;;;;;;;;;;;;;;;;;;;;;;;;;;;;;;;;;;;;;;;;;;;;;;;;;;;;;;;;;;;;;;;;;;;;;
3213;Goldach;43.548; 47.0 ; 44.4 ; 37.9 ; 56.0 ; 57.6 ; 34.6 ; 24.7 ; 27.0 ; 27.5 ; 25.3 ; 41.7 ; 35.9 ; 38.4 ; 30.9 ; 48.8 ; 29.8 ; 49.3 ; 31.9 ; 39.8 ; 25.0 ; 19.8 ; 39.3 ; 40.8 ; 48.0 ; 51.9 ; 43.5 ; 50.5 ; 46.0 ;;;;;;;;;;;;;;;;;;;;;;;;;;;;;;;;;;;;;;;;;;;;;;;;;;;;;;;;;;;;;;;;;;;;;;;;;;;;;;;;;;;;;;;;;;;;;;;;;;;;;;;;;;;;;;;;;;;;;;;;;;;;;;;;;;;;;;;;;;;;;;;;;;;;;;;;;;;;;;;;;;;;;;;;;;;;;;;;;;;;;;;;;;;;;;;;;;;;;;;;;;;;;;;;;;;;;;;;;;;;;;;;;;;;;;;;;;;
3214;Mörschwil;30.567; 32.7 ; 26.4 ; 28.2 ; 32.6 ; 18.1 ; 13.3 ; 6.9 ; 15.1 ; 27.7 ; 33.3 ; 21.2 ; 22.4 ; 25.5 ; 28.2 ; 22.1 ; 16.4 ; 11.2 ; 12.7 ; 10.2 ; 10.2 ; 28.6 ; 31.8 ; 23.4 ; 13.9 ; 14.4 ; 18.6 ; 29.7 ; 25.7 ;;;;;;;;;;;;;;;;;;;;;;;;;;;;;;;;;;;;;;;;;;;;;;;;;;;;;;;;;;;;;;;;;;;;;;;;;;;;;;;;;;;;;;;;;;;;;;;;;;;;;;;;;;;;;;;;;;;;;;;;;;;;;;;;;;;;;;;;;;;;;;;;;;;;;;;;;;;;;;;;;;;;;;;;;;;;;;;;;;;;;;;;;;;;;;;;;;;;;;;;;;;;;;;;;;;;;;;;;;;;;;;;;;;;;;;;;;;
3215;Rorschach;32.351; 28.9 ; 34.3 ; 32.9 ; 47.1 ; 58.6 ; 36.6 ; 30.4 ; 17.3 ; 49.2 ; 81.9 ; 115.4 ; 43.0 ; 42.2 ; 16.5 ; 25.6 ; 27.5 ; 40.0 ; 16.4 ; 39.1 ; 31.4 ; 34.2 ; 37.3 ; 22.3 ; 22.3 ; 21.4 ; 31.7 ; 31.7 ; 64.1 ;;;;;;;;;;;;;;;;;;;;;;;;;;;;;;;;;;;;;;;;;;;;;;;;;;;;;;;;;;;;;;;;;;;;;;;;;;;;;;;;;;;;;;;;;;;;;;;;;;;;;;;;;;;;;;;;;;;;;;;;;;;;;;;;;;;;;;;;;;;;;;;;;;;;;;;;;;;;;;;;;;;;;;;;;;;;;;;;;;;;;;;;;;;;;;;;;;;;;;;;;;;;;;;;;;;;;;;;;;;;;;;;;;;;;;;;;;;
3216;Rorschacherberg;15.227; 28.3 ; 33.7 ; 34.2 ; 36.3 ; 36.9 ; 40.1 ; 19.9 ; 36.1 ; 43.0 ; 29.0 ; 31.4 ; 25.6 ; 30.4 ; 23.4 ; 12.7 ; 19.5 ; 9.8 ; 28.3 ; 20.6 ; 8.1 ; 13.5 ; 11.5 ; 20.4 ; 23.0 ; 23.4 ; 12.1 ; 31.8 ; 14.3 ;;;;;;;;;;;;;;;;;;;;;;;;;;;;;;;;;;;;;;;;;;;;;;;;;;;;;;;;;;;;;;;;;;;;;;;;;;;;;;;;;;;;;;;;;;;;;;;;;;;;;;;;;;;;;;;;;;;;;;;;;;;;;;;;;;;;;;;;;;;;;;;;;;;;;;;;;;;;;;;;;;;;;;;;;;;;;;;;;;;;;;;;;;;;;;;;;;;;;;;;;;;;;;;;;;;;;;;;;;;;;;;;;;;;;;;;;;;
3217;Steinach;18.083; 16.8 ; 25.2 ; 18.5 ; 15.2 ; 6.5 ; 21.0 ; 19.9 ; 10.7 ; 32.0 ; 34.9 ; 11.0 ; 12.9 ; 32.5 ; 24.8 ; 10.6 ; 4.3 ; 1.6 ; 4.6 ; 11.9 ; 11.5 ; 16.7 ; 33.0 ; 15.9 ; 11.8 ; 14.3 ; 19.7 ; 29.8 ; 16.6 ;;;;;;;;;;;;;;;;;;;;;;;;;;;;;;;;;;;;;;;;;;;;;;;;;;;;;;;;;;;;;;;;;;;;;;;;;;;;;;;;;;;;;;;;;;;;;;;;;;;;;;;;;;;;;;;;;;;;;;;;;;;;;;;;;;;;;;;;;;;;;;;;;;;;;;;;;;;;;;;;;;;;;;;;;;;;;;;;;;;;;;;;;;;;;;;;;;;;;;;;;;;;;;;;;;;;;;;;;;;;;;;;;;;;;;;;;;;
3237;Thal;89.889; 41.7 ; 44.7 ; 25.9 ; 42.3 ; 37.9 ; 39.2 ; 31.3 ; 11.2 ; 37.1 ; 52.7 ; 31.2 ; 18.3 ; 12.7 ; 21.5 ; 27.6 ; 22.0 ; 9.8 ; 35.6 ; 15.1 ; 32.0 ; 28.8 ; 28.9 ; 45.2 ; 45.4 ; 36.5 ; 13.7 ; 44.6 ; 42.1 ;;;;;;;;;;;;;;;;;;;;;;;;;;;;;;;;;;;;;;;;;;;;;;;;;;;;;;;;;;;;;;;;;;;;;;;;;;;;;;;;;;;;;;;;;;;;;;;;;;;;;;;;;;;;;;;;;;;;;;;;;;;;;;;;;;;;;;;;;;;;;;;;;;;;;;;;;;;;;;;;;;;;;;;;;;;;;;;;;;;;;;;;;;;;;;;;;;;;;;;;;;;;;;;;;;;;;;;;;;;;;;;;;;;;;;;;;;;
3218;Tübach;5.775; 2.3 ; 15.7 ; 19.2 ; 10.8 ; 3.3 ; 9.8 ; 11.4 ; 12.6 ; 8.6 ; 14.8 ; 8.9 ; 3.0 ; 5.5 ; 5.0 ; 6.2 ; 4.4 ; 5.4 ; 2.1 ; 5.4 ; 2.7 ; 7.2 ; 4.9 ; 2.9 ; 6.8 ; 8.4 ; 19.3 ; 1.2 ; 1.9 ;;;;;;;;;;;;;;;;;;;;;;;;;;;;;;;;;;;;;;;;;;;;;;;;;;;;;;;;;;;;;;;;;;;;;;;;;;;;;;;;;;;;;;;;;;;;;;;;;;;;;;;;;;;;;;;;;;;;;;;;;;;;;;;;;;;;;;;;;;;;;;;;;;;;;;;;;;;;;;;;;;;;;;;;;;;;;;;;;;;;;;;;;;;;;;;;;;;;;;;;;;;;;;;;;;;;;;;;;;;;;;;;;;;;;;;;;;;
3219;Untereggen;3.887; 6.4 ; 3.3 ; 0.1 ; -   ; 4.2 ; 4.0 ; 3.0 ; 2.3 ; 7.6 ; 5.1 ; 7.7 ; 8.9 ; 4.6 ; 3.3 ; 1.9 ; 2.2 ; 1.7 ; 2.4 ; 4.3 ; 5.4 ; 7.8 ; 11.0 ; 10.3 ; 12.0 ; 2.9 ; 3.5 ; 2.3 ; 4.4 ;;;;;;;;;;;;;;;;;;;;;;;;;;;;;;;;;;;;;;;;;;;;;;;;;;;;;;;;;;;;;;;;;;;;;;;;;;;;;;;;;;;;;;;;;;;;;;;;;;;;;;;;;;;;;;;;;;;;;;;;;;;;;;;;;;;;;;;;;;;;;;;;;;;;;;;;;;;;;;;;;;;;;;;;;;;;;;;;;;;;;;;;;;;;;;;;;;;;;;;;;;;;;;;;;;;;;;;;;;;;;;;;;;;;;;;;;;;
;;;;;;;;;;;;;;;;;;;;;;;;;;;;;;;;;;;;;;;;;;;;;;;;;;;;;;;;;;;;;;;;;;;;;;;;;;;;;;;;;;;;;;;;;;;;;;;;;;;;;;;;;;;;;;;;;;;;;;;;;;;;;;;;;;;;;;;;;;;;;;;;;;;;;;;;;;;;;;;;;;;;;;;;;;;;;;;;;;;;;;;;;;;;;;;;;;;;;;;;;;;;;;;;;;;;;;;;;;;;;;;;;;;;;;;;;;;;;;;;;;;;;;;;;;;;;;;;;;;;;;;;;
1723;Wahlkreis Rheintal;341.829; 418.0 ; 430.6 ; 387.2 ; 340.0 ; 318.8 ; 337.8 ; 349.1 ; 331.3 ; 355.2 ; 379.9 ; 285.2 ; 362.6 ; 331.5 ; 398.1 ; 363.2 ; 304.2 ; 290.0 ; 259.1 ; 264.3 ; 240.8 ; 247.8 ; 230.6 ; 215.0 ; 228.8 ; 274.8 ; 293.2 ; 308.3 ; 364.4 ;;;;;;;;;;;;;;;;;;;;;;;;;;;;;;;;;;;;;;;;;;;;;;;;;;;;;;;;;;;;;;;;;;;;;;;;;;;;;;;;;;;;;;;;;;;;;;;;;;;;;;;;;;;;;;;;;;;;;;;;;;;;;;;;;;;;;;;;;;;;;;;;;;;;;;;;;;;;;;;;;;;;;;;;;;;;;;;;;;;;;;;;;;;;;;;;;;;;;;;;;;;;;;;;;;;;;;;;;;;;;;;;;;;;;;;;;;;
3251;Altstätten;51.024; 70.8 ; 77.2 ; 85.1 ; 47.8 ; 27.4 ; 37.9 ; 55.3 ; 31.9 ; 44.8 ; 77.2 ; 33.4 ; 55.4 ; 68.3 ; 90.1 ; 59.5 ; 38.8 ; 49.4 ; 43.9 ; 56.9 ; 55.8 ; 73.7 ; 54.2 ; 39.7 ; 44.6 ; 70.2 ; 60.5 ; 53.5 ; 72.3 ;;;;;;;;;;;;;;;;;;;;;;;;;;;;;;;;;;;;;;;;;;;;;;;;;;;;;;;;;;;;;;;;;;;;;;;;;;;;;;;;;;;;;;;;;;;;;;;;;;;;;;;;;;;;;;;;;;;;;;;;;;;;;;;;;;;;;;;;;;;;;;;;;;;;;;;;;;;;;;;;;;;;;;;;;;;;;;;;;;;;;;;;;;;;;;;;;;;;;;;;;;;;;;;;;;;;;;;;;;;;;;;;;;;;;;;;;;;
3231;Au (SG);50.958; 58.2 ; 24.8 ; 54.1 ; 55.5 ; 38.9 ; 39.4 ; 31.1 ; 34.2 ; 42.4 ; 47.8 ; 42.9 ; 42.6 ; 24.3 ; 31.4 ; 51.6 ; 36.8 ; 38.3 ; 19.6 ; 23.3 ; 24.8 ; 40.1 ; 32.8 ; 27.7 ; 31.4 ; 24.8 ; 29.2 ; 43.7 ; 30.5 ;;;;;;;;;;;;;;;;;;;;;;;;;;;;;;;;;;;;;;;;;;;;;;;;;;;;;;;;;;;;;;;;;;;;;;;;;;;;;;;;;;;;;;;;;;;;;;;;;;;;;;;;;;;;;;;;;;;;;;;;;;;;;;;;;;;;;;;;;;;;;;;;;;;;;;;;;;;;;;;;;;;;;;;;;;;;;;;;;;;;;;;;;;;;;;;;;;;;;;;;;;;;;;;;;;;;;;;;;;;;;;;;;;;;;;;;;;;
3232;Balgach;27.265; 27.0 ; 30.7 ; 24.7 ; 27.0 ; 38.2 ; 44.0 ; 30.4 ; 24.2 ; 16.4 ; 20.9 ; 24.1 ; 27.9 ; 43.7 ; 34.6 ; 27.6 ; 29.2 ; 13.7 ; 22.3 ; 13.9 ; 39.6 ; 7.4 ; 4.3 ; 11.7 ; 3.9 ; 16.0 ; 14.6 ; 14.5 ; 18.4 ;;;;;;;;;;;;;;;;;;;;;;;;;;;;;;;;;;;;;;;;;;;;;;;;;;;;;;;;;;;;;;;;;;;;;;;;;;;;;;;;;;;;;;;;;;;;;;;;;;;;;;;;;;;;;;;;;;;;;;;;;;;;;;;;;;;;;;;;;;;;;;;;;;;;;;;;;;;;;;;;;;;;;;;;;;;;;;;;;;;;;;;;;;;;;;;;;;;;;;;;;;;;;;;;;;;;;;;;;;;;;;;;;;;;;;;;;;;
3233;Berneck;9.403; 14.1 ; 14.4 ; 7.7 ; 6.6 ; 8.7 ; 7.3 ; 7.7 ; 22.7 ; 35.9 ; 15.2 ; 17.6 ; 20.0 ; 18.6 ; 26.9 ; 35.3 ; 25.4 ; 14.5 ; 16.1 ; 14.2 ; 13.6 ; 11.2 ; 8.3 ; 12.5 ; 13.4 ; 23.4 ; 16.1 ; 11.5 ; 14.3 ;;;;;;;;;;;;;;;;;;;;;;;;;;;;;;;;;;;;;;;;;;;;;;;;;;;;;;;;;;;;;;;;;;;;;;;;;;;;;;;;;;;;;;;;;;;;;;;;;;;;;;;;;;;;;;;;;;;;;;;;;;;;;;;;;;;;;;;;;;;;;;;;;;;;;;;;;;;;;;;;;;;;;;;;;;;;;;;;;;;;;;;;;;;;;;;;;;;;;;;;;;;;;;;;;;;;;;;;;;;;;;;;;;;;;;;;;;;
3234;Diepoldsau;11.578; 47.7 ; 61.9 ; 39.5 ; 36.6 ; 33.4 ; 41.7 ; 51.2 ; 27.8 ; 46.3 ; 45.7 ; 27.6 ; 20.2 ; 7.9 ; 9.7 ; 10.5 ; 13.3 ; 30.2 ; 29.4 ; 28.4 ; 17.5 ; 24.0 ; 19.2 ; 20.8 ; 32.8 ; 25.8 ; 24.7 ; 29.6 ; 34.2 ;;;;;;;;;;;;;;;;;;;;;;;;;;;;;;;;;;;;;;;;;;;;;;;;;;;;;;;;;;;;;;;;;;;;;;;;;;;;;;;;;;;;;;;;;;;;;;;;;;;;;;;;;;;;;;;;;;;;;;;;;;;;;;;;;;;;;;;;;;;;;;;;;;;;;;;;;;;;;;;;;;;;;;;;;;;;;;;;;;;;;;;;;;;;;;;;;;;;;;;;;;;;;;;;;;;;;;;;;;;;;;;;;;;;;;;;;;;
3252;Eichberg;7.481; 3.3 ; 7.0 ; 3.4 ; 4.1 ; 6.5 ; 4.0 ; 3.1 ; 3.4 ; 5.9 ; 9.6 ; 11.6 ; 10.4 ; 11.1 ; 6.1 ; 9.6 ; 7.2 ; 6.1 ; 7.5 ; 4.2 ; 5.6 ; 3.1 ; 2.2 ; 0.9 ; 4.3 ; 5.8 ; 6.1 ; 9.1 ; 9.9 ;;;;;;;;;;;;;;;;;;;;;;;;;;;;;;;;;;;;;;;;;;;;;;;;;;;;;;;;;;;;;;;;;;;;;;;;;;;;;;;;;;;;;;;;;;;;;;;;;;;;;;;;;;;;;;;;;;;;;;;;;;;;;;;;;;;;;;;;;;;;;;;;;;;;;;;;;;;;;;;;;;;;;;;;;;;;;;;;;;;;;;;;;;;;;;;;;;;;;;;;;;;;;;;;;;;;;;;;;;;;;;;;;;;;;;;;;;;
3253;Marbach (SG);11.096; 11.7 ; 4.4 ; 9.9 ; 8.7 ; 6.2 ; 5.4 ; 7.3 ; 5.0 ; 10.4 ; 27.4 ; 12.0 ; 10.3 ; 5.6 ; 4.0 ; 16.5 ; 10.9 ; 5.8 ; 9.0 ; 6.8 ; 5.9 ; 8.4 ; 9.5 ; 4.2 ; 3.0 ; 11.7 ; 6.3 ; 9.4 ; 7.5 ;;;;;;;;;;;;;;;;;;;;;;;;;;;;;;;;;;;;;;;;;;;;;;;;;;;;;;;;;;;;;;;;;;;;;;;;;;;;;;;;;;;;;;;;;;;;;;;;;;;;;;;;;;;;;;;;;;;;;;;;;;;;;;;;;;;;;;;;;;;;;;;;;;;;;;;;;;;;;;;;;;;;;;;;;;;;;;;;;;;;;;;;;;;;;;;;;;;;;;;;;;;;;;;;;;;;;;;;;;;;;;;;;;;;;;;;;;;
3254;Oberriet (SG);46.635; 70.1 ; 60.1 ; 43.6 ; 42.2 ; 52.2 ; 48.8 ; 38.9 ; 40.5 ; 38.5 ; 31.6 ; 11.1 ; 57.4 ; 39.0 ; 60.9 ; 34.6 ; 47.2 ; 32.4 ; 28.7 ; 22.1 ; 27.8 ; 19.7 ; 23.1 ; 32.5 ; 29.5 ; 24.4 ; 26.0 ; 29.7 ; 47.9 ;;;;;;;;;;;;;;;;;;;;;;;;;;;;;;;;;;;;;;;;;;;;;;;;;;;;;;;;;;;;;;;;;;;;;;;;;;;;;;;;;;;;;;;;;;;;;;;;;;;;;;;;;;;;;;;;;;;;;;;;;;;;;;;;;;;;;;;;;;;;;;;;;;;;;;;;;;;;;;;;;;;;;;;;;;;;;;;;;;;;;;;;;;;;;;;;;;;;;;;;;;;;;;;;;;;;;;;;;;;;;;;;;;;;;;;;;;;
3255;Rebstein;19.79; 17.8 ; 37.7 ; 30.7 ; 27.2 ; 26.6 ; 15.6 ; 8.8 ; 15.1 ; 16.3 ; 21.5 ; 21.0 ; 25.8 ; 16.7 ; 10.6 ; 6.5 ; 11.7 ; 9.0 ; 8.3 ; 11.2 ; 8.7 ; 7.3 ; 13.7 ; 16.5 ; 10.7 ; 11.1 ; 12.2 ; 14.8 ; 14.2 ;;;;;;;;;;;;;;;;;;;;;;;;;;;;;;;;;;;;;;;;;;;;;;;;;;;;;;;;;;;;;;;;;;;;;;;;;;;;;;;;;;;;;;;;;;;;;;;;;;;;;;;;;;;;;;;;;;;;;;;;;;;;;;;;;;;;;;;;;;;;;;;;;;;;;;;;;;;;;;;;;;;;;;;;;;;;;;;;;;;;;;;;;;;;;;;;;;;;;;;;;;;;;;;;;;;;;;;;;;;;;;;;;;;;;;;;;;;
3235;Rheineck;9.362; 6.1 ; 8.9 ; 14.8 ; 4.9 ; 2.6 ; 10.2 ; 17.4 ; 20.1 ; 13.9 ; 11.4 ; 7.4 ; 9.9 ; 0.4 ; 3.5 ; 5.2 ; 3.4 ; 6.5 ; 9.6 ; 20.5 ; 6.5 ; 10.3 ; 10.7 ; 15.1 ; 17.7 ; 17.4 ; 19.9 ; 16.6 ; 15.1 ;;;;;;;;;;;;;;;;;;;;;;;;;;;;;;;;;;;;;;;;;;;;;;;;;;;;;;;;;;;;;;;;;;;;;;;;;;;;;;;;;;;;;;;;;;;;;;;;;;;;;;;;;;;;;;;;;;;;;;;;;;;;;;;;;;;;;;;;;;;;;;;;;;;;;;;;;;;;;;;;;;;;;;;;;;;;;;;;;;;;;;;;;;;;;;;;;;;;;;;;;;;;;;;;;;;;;;;;;;;;;;;;;;;;;;;;;;;
3256;Rüthi (SG);14.247; 10.9 ; 11.2 ; 21.1 ; 17.9 ; 26.2 ; 26.5 ; 22.1 ; 22.3 ; 19.0 ; 9.6 ; 14.3 ; 7.6 ; 16.8 ; 12.5 ; 6.4 ; 5.7 ; 6.5 ; 7.9 ; 17.6 ; 3.3 ; 4.3 ; 5.5 ; 7.2 ; 6.8 ; 8.0 ; 9.2 ; 9.5 ; 6.0 ;;;;;;;;;;;;;;;;;;;;;;;;;;;;;;;;;;;;;;;;;;;;;;;;;;;;;;;;;;;;;;;;;;;;;;;;;;;;;;;;;;;;;;;;;;;;;;;;;;;;;;;;;;;;;;;;;;;;;;;;;;;;;;;;;;;;;;;;;;;;;;;;;;;;;;;;;;;;;;;;;;;;;;;;;;;;;;;;;;;;;;;;;;;;;;;;;;;;;;;;;;;;;;;;;;;;;;;;;;;;;;;;;;;;;;;;;;;
3236;St. Margrethen;34.629; 34.2 ; 40.5 ; 6.0 ; 9.9 ; 8.4 ; 6.1 ; 10.5 ; 25.2 ; 18.3 ; 6.1 ; 30.0 ; 26.6 ; 36.3 ; 43.2 ; 32.9 ; 23.7 ; 11.7 ; 10.7 ; 13.1 ; 8.4 ; 7.0 ; 11.0 ; 6.9 ; 12.2 ; 13.5 ; 37.2 ; 19.4 ; 25.8 ;;;;;;;;;;;;;;;;;;;;;;;;;;;;;;;;;;;;;;;;;;;;;;;;;;;;;;;;;;;;;;;;;;;;;;;;;;;;;;;;;;;;;;;;;;;;;;;;;;;;;;;;;;;;;;;;;;;;;;;;;;;;;;;;;;;;;;;;;;;;;;;;;;;;;;;;;;;;;;;;;;;;;;;;;;;;;;;;;;;;;;;;;;;;;;;;;;;;;;;;;;;;;;;;;;;;;;;;;;;;;;;;;;;;;;;;;;;
3238;Widnau;48.361; 46.1 ; 51.8 ; 46.7 ; 51.5 ; 43.7 ; 50.9 ; 65.3 ; 58.8 ; 47.1 ; 56.0 ; 32.3 ; 48.6 ; 42.9 ; 64.6 ; 67.1 ; 50.9 ; 65.7 ; 46.1 ; 32.0 ; 23.2 ; 31.2 ; 36.1 ; 19.4 ; 18.4 ; 22.7 ; 31.3 ; 46.9 ; 68.2 ;;;;;;;;;;;;;;;;;;;;;;;;;;;;;;;;;;;;;;;;;;;;;;;;;;;;;;;;;;;;;;;;;;;;;;;;;;;;;;;;;;;;;;;;;;;;;;;;;;;;;;;;;;;;;;;;;;;;;;;;;;;;;;;;;;;;;;;;;;;;;;;;;;;;;;;;;;;;;;;;;;;;;;;;;;;;;;;;;;;;;;;;;;;;;;;;;;;;;;;;;;;;;;;;;;;;;;;;;;;;;;;;;;;;;;;;;;;
;;;;;;;;;;;;;;;;;;;;;;;;;;;;;;;;;;;;;;;;;;;;;;;;;;;;;;;;;;;;;;;;;;;;;;;;;;;;;;;;;;;;;;;;;;;;;;;;;;;;;;;;;;;;;;;;;;;;;;;;;;;;;;;;;;;;;;;;;;;;;;;;;;;;;;;;;;;;;;;;;;;;;;;;;;;;;;;;;;;;;;;;;;;;;;;;;;;;;;;;;;;;;;;;;;;;;;;;;;;;;;;;;;;;;;;;;;;;;;;;;;;;;;;;;;;;;;;;;;;;;;;;;
1724;Wahlkreis Werdenberg;227.478; 235.8 ; 219.1 ; 199.5 ; 185.3 ; 205.3 ; 209.3 ; 238.6 ; 248.5 ; 274.5 ; 238.0 ; 209.5 ; 189.9 ; 149.5 ; 201.8 ; 163.8 ; 142.4 ; 129.3 ; 130.0 ; 141.0 ; 131.5 ; 169.9 ; 152.1 ; 147.8 ; 148.5 ; 204.7 ; 191.1 ; 217.7 ; 313.7 ;;;;;;;;;;;;;;;;;;;;;;;;;;;;;;;;;;;;;;;;;;;;;;;;;;;;;;;;;;;;;;;;;;;;;;;;;;;;;;;;;;;;;;;;;;;;;;;;;;;;;;;;;;;;;;;;;;;;;;;;;;;;;;;;;;;;;;;;;;;;;;;;;;;;;;;;;;;;;;;;;;;;;;;;;;;;;;;;;;;;;;;;;;;;;;;;;;;;;;;;;;;;;;;;;;;;;;;;;;;;;;;;;;;;;;;;;;;
3271;Buchs (SG);64.29; 67.2 ; 45.5 ; 46.1 ; 60.2 ; 59.3 ; 71.8 ; 101.1 ; 117.4 ; 100.4 ; 91.6 ; 66.1 ; 35.6 ; 39.0 ; 71.5 ; 37.2 ; 39.6 ; 34.1 ; 50.2 ; 38.8 ; 26.6 ; 44.7 ; 51.1 ; 43.1 ; 42.9 ; 68.2 ; 75.1 ; 72.7 ; 174.6 ;;;;;;;;;;;;;;;;;;;;;;;;;;;;;;;;;;;;;;;;;;;;;;;;;;;;;;;;;;;;;;;;;;;;;;;;;;;;;;;;;;;;;;;;;;;;;;;;;;;;;;;;;;;;;;;;;;;;;;;;;;;;;;;;;;;;;;;;;;;;;;;;;;;;;;;;;;;;;;;;;;;;;;;;;;;;;;;;;;;;;;;;;;;;;;;;;;;;;;;;;;;;;;;;;;;;;;;;;;;;;;;;;;;;;;;;;;;
3272;Gams;13.033; 15.2 ; 14.4 ; 12.1 ; 19.2 ; 18.9 ; 23.6 ; 13.9 ; 18.6 ; 26.1 ; 31.6 ; 21.2 ; 19.5 ; 12.2 ; 16.7 ; 20.5 ; 7.7 ; 8.1 ; 9.2 ; 8.0 ; 11.9 ; 18.7 ; 10.4 ; 17.2 ; 14.9 ; 21.8 ; 10.3 ; 10.0 ; 8.1 ;;;;;;;;;;;;;;;;;;;;;;;;;;;;;;;;;;;;;;;;;;;;;;;;;;;;;;;;;;;;;;;;;;;;;;;;;;;;;;;;;;;;;;;;;;;;;;;;;;;;;;;;;;;;;;;;;;;;;;;;;;;;;;;;;;;;;;;;;;;;;;;;;;;;;;;;;;;;;;;;;;;;;;;;;;;;;;;;;;;;;;;;;;;;;;;;;;;;;;;;;;;;;;;;;;;;;;;;;;;;;;;;;;;;;;;;;;;
3273;Grabs;46.409; 49.6 ; 36.5 ; 30.0 ; 19.5 ; 34.4 ; 29.2 ; 37.7 ; 25.9 ; 22.8 ; 21.9 ; 27.2 ; 63.3 ; 22.5 ; 15.2 ; 35.4 ; 28.3 ; 32.5 ; 14.7 ; 30.3 ; 20.1 ; 16.4 ; 32.0 ; 20.5 ; 22.3 ; 26.4 ; 26.9 ; 54.5 ; 61.5 ;;;;;;;;;;;;;;;;;;;;;;;;;;;;;;;;;;;;;;;;;;;;;;;;;;;;;;;;;;;;;;;;;;;;;;;;;;;;;;;;;;;;;;;;;;;;;;;;;;;;;;;;;;;;;;;;;;;;;;;;;;;;;;;;;;;;;;;;;;;;;;;;;;;;;;;;;;;;;;;;;;;;;;;;;;;;;;;;;;;;;;;;;;;;;;;;;;;;;;;;;;;;;;;;;;;;;;;;;;;;;;;;;;;;;;;;;;;
3274;Sennwald;47.648; 48.9 ; 45.7 ; 50.8 ; 46.0 ; 46.0 ; 37.6 ; 38.4 ; 31.2 ; 47.8 ; 33.7 ; 43.2 ; 22.8 ; 31.3 ; 42.2 ; 26.3 ; 38.6 ; 15.0 ; 19.8 ; 28.1 ; 33.3 ; 51.2 ; 32.0 ; 44.7 ; 36.2 ; 35.4 ; 34.3 ; 42.1 ; 28.3 ;;;;;;;;;;;;;;;;;;;;;;;;;;;;;;;;;;;;;;;;;;;;;;;;;;;;;;;;;;;;;;;;;;;;;;;;;;;;;;;;;;;;;;;;;;;;;;;;;;;;;;;;;;;;;;;;;;;;;;;;;;;;;;;;;;;;;;;;;;;;;;;;;;;;;;;;;;;;;;;;;;;;;;;;;;;;;;;;;;;;;;;;;;;;;;;;;;;;;;;;;;;;;;;;;;;;;;;;;;;;;;;;;;;;;;;;;;;
3275;Sevelen;30.515; 23.2 ; 47.5 ; 38.0 ; 19.2 ; 31.3 ; 25.8 ; 23.5 ; 28.2 ; 48.5 ; 33.4 ; 22.1 ; 33.2 ; 29.1 ; 37.6 ; 19.6 ; 9.9 ; 20.1 ; 24.7 ; 19.0 ; 20.7 ; 16.8 ; 15.4 ; 13.2 ; 19.6 ; 28.7 ; 28.1 ; 21.9 ; 24.1 ;;;;;;;;;;;;;;;;;;;;;;;;;;;;;;;;;;;;;;;;;;;;;;;;;;;;;;;;;;;;;;;;;;;;;;;;;;;;;;;;;;;;;;;;;;;;;;;;;;;;;;;;;;;;;;;;;;;;;;;;;;;;;;;;;;;;;;;;;;;;;;;;;;;;;;;;;;;;;;;;;;;;;;;;;;;;;;;;;;;;;;;;;;;;;;;;;;;;;;;;;;;;;;;;;;;;;;;;;;;;;;;;;;;;;;;;;;;
3276;Wartau;25.583; 31.7 ; 29.4 ; 22.5 ; 21.1 ; 15.5 ; 21.4 ; 23.9 ; 27.2 ; 28.9 ; 25.8 ; 29.7 ; 15.6 ; 15.5 ; 18.5 ; 24.9 ; 18.1 ; 19.5 ; 11.4 ; 16.8 ; 18.8 ; 22.1 ; 11.1 ; 9.2 ; 12.6 ; 24.1 ; 16.3 ; 16.5 ; 17.0 ;;;;;;;;;;;;;;;;;;;;;;;;;;;;;;;;;;;;;;;;;;;;;;;;;;;;;;;;;;;;;;;;;;;;;;;;;;;;;;;;;;;;;;;;;;;;;;;;;;;;;;;;;;;;;;;;;;;;;;;;;;;;;;;;;;;;;;;;;;;;;;;;;;;;;;;;;;;;;;;;;;;;;;;;;;;;;;;;;;;;;;;;;;;;;;;;;;;;;;;;;;;;;;;;;;;;;;;;;;;;;;;;;;;;;;;;;;;
;;;;;;;;;;;;;;;;;;;;;;;;;;;;;;;;;;;;;;;;;;;;;;;;;;;;;;;;;;;;;;;;;;;;;;;;;;;;;;;;;;;;;;;;;;;;;;;;;;;;;;;;;;;;;;;;;;;;;;;;;;;;;;;;;;;;;;;;;;;;;;;;;;;;;;;;;;;;;;;;;;;;;;;;;;;;;;;;;;;;;;;;;;;;;;;;;;;;;;;;;;;;;;;;;;;;;;;;;;;;;;;;;;;;;;;;;;;;;;;;;;;;;;;;;;;;;;;;;;;;;;;;;
1725;Wahlkreis Sarganserland;252.221; 245.5 ; 277.6 ; 290.1 ; 239.7 ; 220.4 ; 226.1 ; 223.1 ; 223.9 ; 193.7 ; 216.2 ; 293.8 ; 275.7 ; 308.0 ; 318.6 ; 223.2 ; 204.0 ; 245.1 ; 233.8 ; 168.4 ; 198.8 ; 189.9 ; 172.2 ; 144.0 ; 105.1 ; 135.1 ; 175.9 ; 248.5 ; 224.1 ;;;;;;;;;;;;;;;;;;;;;;;;;;;;;;;;;;;;;;;;;;;;;;;;;;;;;;;;;;;;;;;;;;;;;;;;;;;;;;;;;;;;;;;;;;;;;;;;;;;;;;;;;;;;;;;;;;;;;;;;;;;;;;;;;;;;;;;;;;;;;;;;;;;;;;;;;;;;;;;;;;;;;;;;;;;;;;;;;;;;;;;;;;;;;;;;;;;;;;;;;;;;;;;;;;;;;;;;;;;;;;;;;;;;;;;;;;;
3291;Bad Ragaz;27.993; 26.0 ; 36.1 ; 57.6 ; 42.1 ; 43.8 ; 44.5 ; 45.0 ; 38.6 ; 33.0 ; 30.4 ; 23.2 ; 37.1 ; 59.9 ; 89.7 ; 45.8 ; 23.6 ; 21.1 ; 28.3 ; 35.7 ; 32.9 ; 16.6 ; 27.0 ; 20.9 ; 11.7 ; 9.5 ; 42.9 ; 66.5 ; 44.4 ;;;;;;;;;;;;;;;;;;;;;;;;;;;;;;;;;;;;;;;;;;;;;;;;;;;;;;;;;;;;;;;;;;;;;;;;;;;;;;;;;;;;;;;;;;;;;;;;;;;;;;;;;;;;;;;;;;;;;;;;;;;;;;;;;;;;;;;;;;;;;;;;;;;;;;;;;;;;;;;;;;;;;;;;;;;;;;;;;;;;;;;;;;;;;;;;;;;;;;;;;;;;;;;;;;;;;;;;;;;;;;;;;;;;;;;;;;;
3292;Flums;47.333; 46.1 ; 55.3 ; 46.4 ; 30.8 ; 18.6 ; 31.9 ; 32.8 ; 31.4 ; 35.2 ; 26.9 ; 30.6 ; 36.0 ; 48.8 ; 20.7 ; 15.8 ; 19.4 ; 18.8 ; 23.6 ; 25.6 ; 10.6 ; 15.1 ; 16.5 ; 21.8 ; 14.2 ; 11.1 ; 12.2 ; 17.7 ; 10.9 ;;;;;;;;;;;;;;;;;;;;;;;;;;;;;;;;;;;;;;;;;;;;;;;;;;;;;;;;;;;;;;;;;;;;;;;;;;;;;;;;;;;;;;;;;;;;;;;;;;;;;;;;;;;;;;;;;;;;;;;;;;;;;;;;;;;;;;;;;;;;;;;;;;;;;;;;;;;;;;;;;;;;;;;;;;;;;;;;;;;;;;;;;;;;;;;;;;;;;;;;;;;;;;;;;;;;;;;;;;;;;;;;;;;;;;;;;;;
3293;Mels;50.614; 80.0 ; 78.5 ; 80.2 ; 65.7 ; 45.6 ; 29.2 ; 24.8 ; 25.9 ; 28.5 ; 24.2 ; 54.2 ; 48.6 ; 31.1 ; 35.0 ; 34.4 ; 59.1 ; 67.0 ; 62.1 ; 37.6 ; 75.6 ; 74.4 ; 42.4 ; 22.0 ; 19.4 ; 49.3 ; 49.7 ; 60.0 ; 6.3 ;;;;;;;;;;;;;;;;;;;;;;;;;;;;;;;;;;;;;;;;;;;;;;;;;;;;;;;;;;;;;;;;;;;;;;;;;;;;;;;;;;;;;;;;;;;;;;;;;;;;;;;;;;;;;;;;;;;;;;;;;;;;;;;;;;;;;;;;;;;;;;;;;;;;;;;;;;;;;;;;;;;;;;;;;;;;;;;;;;;;;;;;;;;;;;;;;;;;;;;;;;;;;;;;;;;;;;;;;;;;;;;;;;;;;;;;;;;
3294;Pfäfers;10.886; 8.1 ; 6.1 ; 12.6 ; 10.4 ; 18.3 ; 11.1 ; 16.0 ; 28.9 ; 25.8 ; 5.7 ; 13.2 ; 17.7 ; 16.2 ; 20.1 ; 10.0 ; 5.2 ; 4.9 ; 10.9 ; 4.6 ; 7.5 ; 15.5 ; 15.2 ; 6.5 ; 8.5 ; 12.7 ; 8.6 ; 17.0 ; 12.0 ;;;;;;;;;;;;;;;;;;;;;;;;;;;;;;;;;;;;;;;;;;;;;;;;;;;;;;;;;;;;;;;;;;;;;;;;;;;;;;;;;;;;;;;;;;;;;;;;;;;;;;;;;;;;;;;;;;;;;;;;;;;;;;;;;;;;;;;;;;;;;;;;;;;;;;;;;;;;;;;;;;;;;;;;;;;;;;;;;;;;;;;;;;;;;;;;;;;;;;;;;;;;;;;;;;;;;;;;;;;;;;;;;;;;;;;;;;;
3295;Quarten;16.59; 10.6 ; 16.2 ; 12.1 ; 17.6 ; 21.3 ; 11.7 ; 5.9 ; 7.3 ; 11.4 ; 32.1 ; 38.7 ; 20.4 ; 25.6 ; 48.8 ; 35.0 ; 11.3 ; 33.0 ; 13.1 ; 8.3 ; 10.5 ; 12.7 ; 11.3 ; 7.6 ; 11.8 ; 12.1 ; 14.4 ; 14.0 ; 39.0 ;;;;;;;;;;;;;;;;;;;;;;;;;;;;;;;;;;;;;;;;;;;;;;;;;;;;;;;;;;;;;;;;;;;;;;;;;;;;;;;;;;;;;;;;;;;;;;;;;;;;;;;;;;;;;;;;;;;;;;;;;;;;;;;;;;;;;;;;;;;;;;;;;;;;;;;;;;;;;;;;;;;;;;;;;;;;;;;;;;;;;;;;;;;;;;;;;;;;;;;;;;;;;;;;;;;;;;;;;;;;;;;;;;;;;;;;;;;
3296;Sargans;41.882; 32.5 ; 39.5 ; 30.5 ; 8.6 ; 15.3 ; 37.4 ; 25.5 ; 25.8 ; 20.5 ; 64.3 ; 95.5 ; 47.7 ; 41.3 ; 45.8 ; 45.1 ; 54.6 ; 38.0 ; 37.8 ; 24.3 ; 22.8 ; 21.2 ; 20.0 ; 20.2 ; 19.9 ; 9.7 ; 18.4 ; 30.5 ; 42.7 ;;;;;;;;;;;;;;;;;;;;;;;;;;;;;;;;;;;;;;;;;;;;;;;;;;;;;;;;;;;;;;;;;;;;;;;;;;;;;;;;;;;;;;;;;;;;;;;;;;;;;;;;;;;;;;;;;;;;;;;;;;;;;;;;;;;;;;;;;;;;;;;;;;;;;;;;;;;;;;;;;;;;;;;;;;;;;;;;;;;;;;;;;;;;;;;;;;;;;;;;;;;;;;;;;;;;;;;;;;;;;;;;;;;;;;;;;;;
3297;Vilters-Wangs;36.915; 24.1 ; 18.6 ; 17.5 ; 20.6 ; 17.6 ; 24.5 ; 31.9 ; 30.9 ; 19.5 ; 17.2 ; 19.4 ; 28.5 ; 35.0 ; 20.8 ; 13.3 ; 8.0 ; 22.1 ; 24.6 ; 9.9 ; 17.7 ; 8.2 ; 10.8 ; 9.3 ; 0.6 ; 14.1 ; 14.9 ; 14.7 ; 29.6 ;;;;;;;;;;;;;;;;;;;;;;;;;;;;;;;;;;;;;;;;;;;;;;;;;;;;;;;;;;;;;;;;;;;;;;;;;;;;;;;;;;;;;;;;;;;;;;;;;;;;;;;;;;;;;;;;;;;;;;;;;;;;;;;;;;;;;;;;;;;;;;;;;;;;;;;;;;;;;;;;;;;;;;;;;;;;;;;;;;;;;;;;;;;;;;;;;;;;;;;;;;;;;;;;;;;;;;;;;;;;;;;;;;;;;;;;;;;
3298;Walenstadt;20.008; 17.9 ; 27.3 ; 33.2 ; 43.8 ; 40.1 ; 35.7 ; 41.1 ; 35.1 ; 19.9 ; 15.4 ; 19.0 ; 39.8 ; 50.0 ; 37.7 ; 24.0 ; 22.8 ; 40.2 ; 33.4 ; 22.3 ; 21.3 ; 26.3 ; 28.9 ; 35.9 ; 19.1 ; 16.7 ; 14.8 ; 28.1 ; 39.2 ;;;;;;;;;;;;;;;;;;;;;;;;;;;;;;;;;;;;;;;;;;;;;;;;;;;;;;;;;;;;;;;;;;;;;;;;;;;;;;;;;;;;;;;;;;;;;;;;;;;;;;;;;;;;;;;;;;;;;;;;;;;;;;;;;;;;;;;;;;;;;;;;;;;;;;;;;;;;;;;;;;;;;;;;;;;;;;;;;;;;;;;;;;;;;;;;;;;;;;;;;;;;;;;;;;;;;;;;;;;;;;;;;;;;;;;;;;;
;;;;;;;;;;;;;;;;;;;;;;;;;;;;;;;;;;;;;;;;;;;;;;;;;;;;;;;;;;;;;;;;;;;;;;;;;;;;;;;;;;;;;;;;;;;;;;;;;;;;;;;;;;;;;;;;;;;;;;;;;;;;;;;;;;;;;;;;;;;;;;;;;;;;;;;;;;;;;;;;;;;;;;;;;;;;;;;;;;;;;;;;;;;;;;;;;;;;;;;;;;;;;;;;;;;;;;;;;;;;;;;;;;;;;;;;;;;;;;;;;;;;;;;;;;;;;;;;;;;;;;;;;
1726;Wahlkreis See-Gaster;286.692; 374.7 ; 377.9 ; 328.0 ; 366.3 ; 382.3 ; 364.5 ; 341.2 ; 340.6 ; 399.8 ; 383.0 ; 355.7 ; 316.5 ; 245.5 ; 281.5 ; 307.9 ; 372.3 ; 305.5 ; 324.2 ; 341.6 ; 321.9 ; 301.5 ; 332.3 ; 295.3 ; 310.4 ; 264.3 ; 338.0 ; 398.8 ; 437.7 ;;;;;;;;;;;;;;;;;;;;;;;;;;;;;;;;;;;;;;;;;;;;;;;;;;;;;;;;;;;;;;;;;;;;;;;;;;;;;;;;;;;;;;;;;;;;;;;;;;;;;;;;;;;;;;;;;;;;;;;;;;;;;;;;;;;;;;;;;;;;;;;;;;;;;;;;;;;;;;;;;;;;;;;;;;;;;;;;;;;;;;;;;;;;;;;;;;;;;;;;;;;;;;;;;;;;;;;;;;;;;;;;;;;;;;;;;;;
3311;Amden;10.267; 11.8 ; 10.7 ; 10.3 ; 19.2 ; 13.0 ; 12.8 ; 15.1 ; 16.8 ; 19.5 ; 21.8 ; 20.5 ; 18.1 ; 19.2 ; 7.5 ; 11.2 ; 15.4 ; 16.6 ; 10.8 ; 9.3 ; 11.1 ; 12.4 ; 8.7 ; 10.8 ; 12.6 ; 12.5 ; 10.0 ; 8.5 ; 17.1 ;;;;;;;;;;;;;;;;;;;;;;;;;;;;;;;;;;;;;;;;;;;;;;;;;;;;;;;;;;;;;;;;;;;;;;;;;;;;;;;;;;;;;;;;;;;;;;;;;;;;;;;;;;;;;;;;;;;;;;;;;;;;;;;;;;;;;;;;;;;;;;;;;;;;;;;;;;;;;;;;;;;;;;;;;;;;;;;;;;;;;;;;;;;;;;;;;;;;;;;;;;;;;;;;;;;;;;;;;;;;;;;;;;;;;;;;;;;
3312;Benken (SG);6.221; 5.4 ; 9.6 ; 8.9 ; 5.5 ; 7.2 ; 13.2 ; 14.3 ; 20.2 ; 21.5 ; 16.0 ; 23.9 ; 23.8 ; 17.6 ; 15.0 ; 23.8 ; 24.5 ; 17.7 ; 21.0 ; 8.7 ; 7.8 ; 12.3 ; 15.0 ; 9.0 ; 8.6 ; 9.9 ; 9.3 ; 7.6 ; 14.2 ;;;;;;;;;;;;;;;;;;;;;;;;;;;;;;;;;;;;;;;;;;;;;;;;;;;;;;;;;;;;;;;;;;;;;;;;;;;;;;;;;;;;;;;;;;;;;;;;;;;;;;;;;;;;;;;;;;;;;;;;;;;;;;;;;;;;;;;;;;;;;;;;;;;;;;;;;;;;;;;;;;;;;;;;;;;;;;;;;;;;;;;;;;;;;;;;;;;;;;;;;;;;;;;;;;;;;;;;;;;;;;;;;;;;;;;;;;;
3342;Eschenbach (SG);47.395; 66.8 ; 53.5 ; 28.3 ; 44.4 ; 49.9 ; 51.5 ; 43.6 ; 41.7 ; 48.3 ; 51.5 ; 60.2 ; 48.8 ; 35.5 ; 43.4 ; 36.3 ; 29.9 ; 39.4 ; 32.3 ; 63.2 ; 82.4 ; 78.4 ; 80.5 ; 72.1 ; 81.4 ; 48.1 ; 49.6 ; 75.8 ; 60.3 ;;;;;;;;;;;;;;;;;;;;;;;;;;;;;;;;;;;;;;;;;;;;;;;;;;;;;;;;;;;;;;;;;;;;;;;;;;;;;;;;;;;;;;;;;;;;;;;;;;;;;;;;;;;;;;;;;;;;;;;;;;;;;;;;;;;;;;;;;;;;;;;;;;;;;;;;;;;;;;;;;;;;;;;;;;;;;;;;;;;;;;;;;;;;;;;;;;;;;;;;;;;;;;;;;;;;;;;;;;;;;;;;;;;;;;;;;;;
3341;Gommiswald;42.244; 33.8 ; 41.5 ; 33.2 ; 37.4 ; 45.4 ; 47.5 ; 27.4 ; 25.1 ; 29.2 ; 35.7 ; 14.9 ; 14.5 ; 23.4 ; 17.3 ; 18.6 ; 16.7 ; 15.6 ; 17.7 ; 28.1 ; 17.7 ; 16.9 ; 19.7 ; 25.3 ; 18.3 ; 20.5 ; 26.7 ; 29.9 ; 36.2 ;;;;;;;;;;;;;;;;;;;;;;;;;;;;;;;;;;;;;;;;;;;;;;;;;;;;;;;;;;;;;;;;;;;;;;;;;;;;;;;;;;;;;;;;;;;;;;;;;;;;;;;;;;;;;;;;;;;;;;;;;;;;;;;;;;;;;;;;;;;;;;;;;;;;;;;;;;;;;;;;;;;;;;;;;;;;;;;;;;;;;;;;;;;;;;;;;;;;;;;;;;;;;;;;;;;;;;;;;;;;;;;;;;;;;;;;;;;
3313;Kaltbrunn;13.643; 19.6 ; 28.0 ; 21.5 ; 29.8 ; 25.9 ; 17.1 ; 21.5 ; 16.5 ; 26.8 ; 34.9 ; 46.2 ; 45.6 ; 22.1 ; 12.8 ; 21.5 ; 19.8 ; 14.2 ; 23.2 ; 12.1 ; 7.7 ; 12.1 ; 11.7 ; 13.9 ; 10.9 ; 15.2 ; 19.3 ; 20.0 ; 19.5 ;;;;;;;;;;;;;;;;;;;;;;;;;;;;;;;;;;;;;;;;;;;;;;;;;;;;;;;;;;;;;;;;;;;;;;;;;;;;;;;;;;;;;;;;;;;;;;;;;;;;;;;;;;;;;;;;;;;;;;;;;;;;;;;;;;;;;;;;;;;;;;;;;;;;;;;;;;;;;;;;;;;;;;;;;;;;;;;;;;;;;;;;;;;;;;;;;;;;;;;;;;;;;;;;;;;;;;;;;;;;;;;;;;;;;;;;;;;
3340;Rapperswil-Jona;108.47; 160.7 ; 160.3 ; 147.9 ; 135.8 ; 135.9 ; 138.8 ; 146.0 ; 135.3 ; 141.0 ; 113.8 ; 87.2 ; 88.9 ; 50.7 ; 105.4 ; 108.6 ; 171.2 ; 152.9 ; 131.3 ; 158.5 ; 134.7 ; 120.2 ; 133.7 ; 117.9 ; 94.6 ; 103.7 ; 159.8 ; 160.9 ; 165.1 ;;;;;;;;;;;;;;;;;;;;;;;;;;;;;;;;;;;;;;;;;;;;;;;;;;;;;;;;;;;;;;;;;;;;;;;;;;;;;;;;;;;;;;;;;;;;;;;;;;;;;;;;;;;;;;;;;;;;;;;;;;;;;;;;;;;;;;;;;;;;;;;;;;;;;;;;;;;;;;;;;;;;;;;;;;;;;;;;;;;;;;;;;;;;;;;;;;;;;;;;;;;;;;;;;;;;;;;;;;;;;;;;;;;;;;;;;;;
3315;Schänis;19.151; 14.7 ; 10.4 ; 12.3 ; 17.6 ; 18.1 ; 10.8 ; 20.6 ; 23.1 ; 24.0 ; 26.5 ; 20.8 ; 12.0 ; 25.5 ; 13.2 ; 15.9 ; 13.9 ; 12.2 ; 17.5 ; 6.5 ; 8.6 ; 13.5 ; 9.6 ; 11.9 ; 11.9 ; 10.6 ; 13.0 ; 13.8 ; 25.1 ;;;;;;;;;;;;;;;;;;;;;;;;;;;;;;;;;;;;;;;;;;;;;;;;;;;;;;;;;;;;;;;;;;;;;;;;;;;;;;;;;;;;;;;;;;;;;;;;;;;;;;;;;;;;;;;;;;;;;;;;;;;;;;;;;;;;;;;;;;;;;;;;;;;;;;;;;;;;;;;;;;;;;;;;;;;;;;;;;;;;;;;;;;;;;;;;;;;;;;;;;;;;;;;;;;;;;;;;;;;;;;;;;;;;;;;;;;;
3338;Schmerikon;3.45; 15.7 ; 25.3 ; 39.8 ; 24.5 ; 13.3 ; 15.0 ; 11.6 ; 20.0 ; 31.0 ; 24.3 ; 15.2 ; 12.7 ; 19.5 ; 15.4 ; 21.8 ; 40.8 ; 9.5 ; 16.7 ; 31.7 ; 26.2 ; 5.7 ; 15.4 ; 6.4 ; 8.8 ; 5.1 ; 11.9 ; 23.2 ; 23.9 ;;;;;;;;;;;;;;;;;;;;;;;;;;;;;;;;;;;;;;;;;;;;;;;;;;;;;;;;;;;;;;;;;;;;;;;;;;;;;;;;;;;;;;;;;;;;;;;;;;;;;;;;;;;;;;;;;;;;;;;;;;;;;;;;;;;;;;;;;;;;;;;;;;;;;;;;;;;;;;;;;;;;;;;;;;;;;;;;;;;;;;;;;;;;;;;;;;;;;;;;;;;;;;;;;;;;;;;;;;;;;;;;;;;;;;;;;;;
3339;Uznach;27.236; 41.5 ; 28.1 ; 18.0 ; 46.9 ; 60.6 ; 33.1 ; 26.9 ; 32.3 ; 50.7 ; 45.9 ; 56.4 ; 42.3 ; 28.6 ; 37.3 ; 39.3 ; 32.7 ; 18.3 ; 41.3 ; 14.5 ; 15.2 ; 20.1 ; 31.0 ; 21.6 ; 57.5 ; 33.2 ; 32.0 ; 45.0 ; 54.0 ;;;;;;;;;;;;;;;;;;;;;;;;;;;;;;;;;;;;;;;;;;;;;;;;;;;;;;;;;;;;;;;;;;;;;;;;;;;;;;;;;;;;;;;;;;;;;;;;;;;;;;;;;;;;;;;;;;;;;;;;;;;;;;;;;;;;;;;;;;;;;;;;;;;;;;;;;;;;;;;;;;;;;;;;;;;;;;;;;;;;;;;;;;;;;;;;;;;;;;;;;;;;;;;;;;;;;;;;;;;;;;;;;;;;;;;;;;;
3316;Weesen;8.615; 4.7 ; 10.5 ; 7.9 ; 5.2 ; 13.1 ; 24.7 ; 14.1 ; 9.6 ; 7.8 ; 12.6 ; 10.4 ; 10.0 ; 3.2 ; 14.2 ; 11.0 ; 7.4 ; 9.0 ; 12.5 ; 9.0 ; 10.4 ; 9.8 ; 7.1 ; 6.4 ; 5.7 ; 5.5 ; 6.4 ; 14.2 ; 22.3 ;;;;;;;;;;;;;;;;;;;;;;;;;;;;;;;;;;;;;;;;;;;;;;;;;;;;;;;;;;;;;;;;;;;;;;;;;;;;;;;;;;;;;;;;;;;;;;;;;;;;;;;;;;;;;;;;;;;;;;;;;;;;;;;;;;;;;;;;;;;;;;;;;;;;;;;;;;;;;;;;;;;;;;;;;;;;;;;;;;;;;;;;;;;;;;;;;;;;;;;;;;;;;;;;;;;;;;;;;;;;;;;;;;;;;;;;;;;
;;;;;;;;;;;;;;;;;;;;;;;;;;;;;;;;;;;;;;;;;;;;;;;;;;;;;;;;;;;;;;;;;;;;;;;;;;;;;;;;;;;;;;;;;;;;;;;;;;;;;;;;;;;;;;;;;;;;;;;;;;;;;;;;;;;;;;;;;;;;;;;;;;;;;;;;;;;;;;;;;;;;;;;;;;;;;;;;;;;;;;;;;;;;;;;;;;;;;;;;;;;;;;;;;;;;;;;;;;;;;;;;;;;;;;;;;;;;;;;;;;;;;;;;;;;;;;;;;;;;;;;;;
1727;Wahlkreis Toggenburg;321.462; 307.5 ; 346.8 ; 356.3 ; 298.7 ; 252.4 ; 253.1 ; 268.6 ; 268.3 ; 237.8 ; 225.8 ; 222.6 ; 242.1 ; 225.8 ; 177.8 ; 168.7 ; 182.4 ; 207.5 ; 221.6 ; 210.5 ; 164.2 ; 177.8 ; 184.5 ; 194.1 ; 218.8 ; 215.3 ; 225.3 ; 246.7 ; 299.6 ;;;;;;;;;;;;;;;;;;;;;;;;;;;;;;;;;;;;;;;;;;;;;;;;;;;;;;;;;;;;;;;;;;;;;;;;;;;;;;;;;;;;;;;;;;;;;;;;;;;;;;;;;;;;;;;;;;;;;;;;;;;;;;;;;;;;;;;;;;;;;;;;;;;;;;;;;;;;;;;;;;;;;;;;;;;;;;;;;;;;;;;;;;;;;;;;;;;;;;;;;;;;;;;;;;;;;;;;;;;;;;;;;;;;;;;;;;;
3395;Bütschwil-Ganterschwil;35.687; 36.6 ; 49.5 ; 58.2 ; 78.0 ; 63.8 ; 54.6 ; 45.8 ; 43.9 ; 38.0 ; 20.6 ; 14.7 ; 20.1 ; 15.5 ; 18.2 ; 19.5 ; 22.6 ; 12.8 ; 13.0 ; 9.2 ; 9.0 ; 10.2 ; 21.7 ; 25.0 ; 19.2 ; 20.7 ; 16.9 ; 22.9 ; 37.9 ;;;;;;;;;;;;;;;;;;;;;;;;;;;;;;;;;;;;;;;;;;;;;;;;;;;;;;;;;;;;;;;;;;;;;;;;;;;;;;;;;;;;;;;;;;;;;;;;;;;;;;;;;;;;;;;;;;;;;;;;;;;;;;;;;;;;;;;;;;;;;;;;;;;;;;;;;;;;;;;;;;;;;;;;;;;;;;;;;;;;;;;;;;;;;;;;;;;;;;;;;;;;;;;;;;;;;;;;;;;;;;;;;;;;;;;;;;;
3352;Ebnat-Kappel;29.298; 21.3 ; 30.5 ; 39.5 ; 26.2 ; 21.1 ; 15.2 ; 20.1 ; 23.8 ; 17.4 ; 25.6 ; 18.7 ; 17.3 ; 15.8 ; 9.8 ; 15.6 ; 21.4 ; 11.2 ; 15.3 ; 19.8 ; 14.0 ; 11.7 ; 11.1 ; 10.1 ; 17.9 ; 16.7 ; 15.4 ; 27.2 ; 23.3 ;;;;;;;;;;;;;;;;;;;;;;;;;;;;;;;;;;;;;;;;;;;;;;;;;;;;;;;;;;;;;;;;;;;;;;;;;;;;;;;;;;;;;;;;;;;;;;;;;;;;;;;;;;;;;;;;;;;;;;;;;;;;;;;;;;;;;;;;;;;;;;;;;;;;;;;;;;;;;;;;;;;;;;;;;;;;;;;;;;;;;;;;;;;;;;;;;;;;;;;;;;;;;;;;;;;;;;;;;;;;;;;;;;;;;;;;;;;
3392;Kirchberg (SG);50.369; 57.1 ; 70.9 ; 63.5 ; 58.2 ; 36.7 ; 41.1 ; 65.9 ; 57.2 ; 49.6 ; 47.7 ; 69.4 ; 77.6 ; 67.9 ; 34.7 ; 49.9 ; 41.8 ; 66.7 ; 86.9 ; 72.2 ; 59.7 ; 50.3 ; 42.1 ; 49.5 ; 58.1 ; 38.6 ; 55.3 ; 55.5 ; 74.2 ;;;;;;;;;;;;;;;;;;;;;;;;;;;;;;;;;;;;;;;;;;;;;;;;;;;;;;;;;;;;;;;;;;;;;;;;;;;;;;;;;;;;;;;;;;;;;;;;;;;;;;;;;;;;;;;;;;;;;;;;;;;;;;;;;;;;;;;;;;;;;;;;;;;;;;;;;;;;;;;;;;;;;;;;;;;;;;;;;;;;;;;;;;;;;;;;;;;;;;;;;;;;;;;;;;;;;;;;;;;;;;;;;;;;;;;;;;;
3374;Lichtensteig;19.65; 15.4 ; 16.4 ; 4.2 ; 3.3 ; 5.4 ; 2.6 ; 7.8 ; 5.4 ; 4.0 ; 2.5 ; 4.0 ; 6.0 ; 5.7 ; 2.0 ; 2.0 ; 1.7 ; 7.3 ; 17.0 ; 17.5 ; 3.8 ; 7.8 ; 5.7 ; 5.3 ; 11.7 ; 13.9 ; 14.6 ; 9.8 ; 8.0 ;;;;;;;;;;;;;;;;;;;;;;;;;;;;;;;;;;;;;;;;;;;;;;;;;;;;;;;;;;;;;;;;;;;;;;;;;;;;;;;;;;;;;;;;;;;;;;;;;;;;;;;;;;;;;;;;;;;;;;;;;;;;;;;;;;;;;;;;;;;;;;;;;;;;;;;;;;;;;;;;;;;;;;;;;;;;;;;;;;;;;;;;;;;;;;;;;;;;;;;;;;;;;;;;;;;;;;;;;;;;;;;;;;;;;;;;;;;
3393;Lütisburg;12.98; 6.4 ; 4.1 ; 5.0 ; 6.0 ; 2.6 ; 7.0 ; 13.2 ; 13.1 ; 4.9 ; 7.7 ; 6.8 ; 9.2 ; 11.4 ; 4.5 ; 5.0 ; 2.9 ; 3.5 ; 5.7 ; 5.9 ; 3.4 ; 6.5 ; 6.2 ; 4.8 ; 4.4 ; 13.1 ; 12.0 ; 7.4 ; 4.8 ;;;;;;;;;;;;;;;;;;;;;;;;;;;;;;;;;;;;;;;;;;;;;;;;;;;;;;;;;;;;;;;;;;;;;;;;;;;;;;;;;;;;;;;;;;;;;;;;;;;;;;;;;;;;;;;;;;;;;;;;;;;;;;;;;;;;;;;;;;;;;;;;;;;;;;;;;;;;;;;;;;;;;;;;;;;;;;;;;;;;;;;;;;;;;;;;;;;;;;;;;;;;;;;;;;;;;;;;;;;;;;;;;;;;;;;;;;;
3394;Mosnang;14.716; 17.8 ; 21.9 ; 16.0 ; 16.3 ; 18.9 ; 25.4 ; 26.1 ; 21.1 ; 13.0 ; 14.1 ; 12.7 ; 12.9 ; 14.5 ; 16.9 ; 9.6 ; 22.4 ; 27.0 ; 20.2 ; 11.1 ; 11.7 ; 9.4 ; 11.6 ; 14.1 ; 9.6 ; 25.7 ; 16.6 ; 16.6 ; 22.6 ;;;;;;;;;;;;;;;;;;;;;;;;;;;;;;;;;;;;;;;;;;;;;;;;;;;;;;;;;;;;;;;;;;;;;;;;;;;;;;;;;;;;;;;;;;;;;;;;;;;;;;;;;;;;;;;;;;;;;;;;;;;;;;;;;;;;;;;;;;;;;;;;;;;;;;;;;;;;;;;;;;;;;;;;;;;;;;;;;;;;;;;;;;;;;;;;;;;;;;;;;;;;;;;;;;;;;;;;;;;;;;;;;;;;;;;;;;;
3396;Neckertal;33.538; 28.8 ; 33.6 ; 29.8 ; 24.5 ; 25.0 ; 24.4 ; 25.6 ; 22.0 ; 24.9 ; 35.0 ; 27.9 ; 16.2 ; 12.0 ; 15.6 ; 14.7 ; 19.4 ; 18.8 ; 15.1 ; 13.7 ; 13.0 ; 20.6 ; 18.5 ; 21.8 ; 23.9 ; 24.0 ; 21.4 ; 27.7 ; 34.1 ;;;;;;;;;;;;;;;;;;;;;;;;;;;;;;;;;;;;;;;;;;;;;;;;;;;;;;;;;;;;;;;;;;;;;;;;;;;;;;;;;;;;;;;;;;;;;;;;;;;;;;;;;;;;;;;;;;;;;;;;;;;;;;;;;;;;;;;;;;;;;;;;;;;;;;;;;;;;;;;;;;;;;;;;;;;;;;;;;;;;;;;;;;;;;;;;;;;;;;;;;;;;;;;;;;;;;;;;;;;;;;;;;;;;;;;;;;;
3360;Nesslau;29.556; 26.1 ; 27.7 ; 34.7 ; 26.0 ; 20.9 ; 24.8 ; 16.3 ; 27.6 ; 16.8 ; 11.1 ; 16.0 ; 19.8 ; 26.1 ; 15.3 ; 8.3 ; 14.1 ; 11.6 ; 11.4 ; 9.3 ; 16.3 ; 19.8 ; 31.5 ; 21.2 ; 24.1 ; 22.1 ; 15.9 ; 17.0 ; 18.0 ;;;;;;;;;;;;;;;;;;;;;;;;;;;;;;;;;;;;;;;;;;;;;;;;;;;;;;;;;;;;;;;;;;;;;;;;;;;;;;;;;;;;;;;;;;;;;;;;;;;;;;;;;;;;;;;;;;;;;;;;;;;;;;;;;;;;;;;;;;;;;;;;;;;;;;;;;;;;;;;;;;;;;;;;;;;;;;;;;;;;;;;;;;;;;;;;;;;;;;;;;;;;;;;;;;;;;;;;;;;;;;;;;;;;;;;;;;;
3379;Wattwil;77.701; 74.7 ; 72.9 ; 90.1 ; 48.2 ; 45.8 ; 41.8 ; 33.2 ; 33.9 ; 51.5 ; 44.1 ; 42.3 ; 39.8 ; 49.8 ; 45.9 ; 35.2 ; 24.5 ; 39.6 ; 31.1 ; 37.6 ; 19.7 ; 33.0 ; 24.9 ; 27.3 ; 34.0 ; 24.0 ; 44.6 ; 39.1 ; 51.2 ;;;;;;;;;;;;;;;;;;;;;;;;;;;;;;;;;;;;;;;;;;;;;;;;;;;;;;;;;;;;;;;;;;;;;;;;;;;;;;;;;;;;;;;;;;;;;;;;;;;;;;;;;;;;;;;;;;;;;;;;;;;;;;;;;;;;;;;;;;;;;;;;;;;;;;;;;;;;;;;;;;;;;;;;;;;;;;;;;;;;;;;;;;;;;;;;;;;;;;;;;;;;;;;;;;;;;;;;;;;;;;;;;;;;;;;;;;;
3359;Wildhaus-Alt St. Johann;17.967; 23.2 ; 19.4 ; 15.4 ; 12.0 ; 12.2 ; 16.1 ; 14.5 ; 20.2 ; 17.7 ; 17.3 ; 10.1 ; 23.3 ; 7.1 ; 15.0 ; 9.1 ; 11.6 ; 9.1 ; 6.0 ; 14.1 ; 13.7 ; 8.5 ; 11.4 ; 15.0 ; 15.8 ; 16.4 ; 12.6 ; 23.6 ; 25.4 ;;;;;;;;;;;;;;;;;;;;;;;;;;;;;;;;;;;;;;;;;;;;;;;;;;;;;;;;;;;;;;;;;;;;;;;;;;;;;;;;;;;;;;;;;;;;;;;;;;;;;;;;;;;;;;;;;;;;;;;;;;;;;;;;;;;;;;;;;;;;;;;;;;;;;;;;;;;;;;;;;;;;;;;;;;;;;;;;;;;;;;;;;;;;;;;;;;;;;;;;;;;;;;;;;;;;;;;;;;;;;;;;;;;;;;;;;;;
;;;;;;;;;;;;;;;;;;;;;;;;;;;;;;;;;;;;;;;;;;;;;;;;;;;;;;;;;;;;;;;;;;;;;;;;;;;;;;;;;;;;;;;;;;;;;;;;;;;;;;;;;;;;;;;;;;;;;;;;;;;;;;;;;;;;;;;;;;;;;;;;;;;;;;;;;;;;;;;;;;;;;;;;;;;;;;;;;;;;;;;;;;;;;;;;;;;;;;;;;;;;;;;;;;;;;;;;;;;;;;;;;;;;;;;;;;;;;;;;;;;;;;;;;;;;;;;;;;;;;;;;;
1728;Wahlkreis Wil;359.849; 347.9 ; 318.1 ; 322.1 ; 329.9 ; 327.6 ; 371.3 ; 296.5 ; 302.4 ; 353.7 ; 361.8 ; 333.9 ; 304.5 ; 337.7 ; 306.8 ; 262.9 ; 289.1 ; 347.2 ; 344.7 ; 326.0 ; 258.1 ; 230.7 ; 344.4 ; 305.5 ; 305.7 ; 288.1 ; 321.1 ; 364.9 ; 415.5 ;;;;;;;;;;;;;;;;;;;;;;;;;;;;;;;;;;;;;;;;;;;;;;;;;;;;;;;;;;;;;;;;;;;;;;;;;;;;;;;;;;;;;;;;;;;;;;;;;;;;;;;;;;;;;;;;;;;;;;;;;;;;;;;;;;;;;;;;;;;;;;;;;;;;;;;;;;;;;;;;;;;;;;;;;;;;;;;;;;;;;;;;;;;;;;;;;;;;;;;;;;;;;;;;;;;;;;;;;;;;;;;;;;;;;;;;;;;
3401;Degersheim;14.867; 15.6 ; 14.7 ; 9.8 ; 12.5 ; 6.8 ; 3.4 ; 8.2 ; 6.6 ; 36.1 ; 25.1 ; 25.5 ; 8.9 ; 13.9 ; 22.3 ; 13.3 ; 7.3 ; 13.0 ; 9.3 ; 13.9 ; 4.8 ; 9.8 ; 10.9 ; 10.9 ; 9.6 ; 19.3 ; 27.6 ; 41.4 ; 13.1 ;;;;;;;;;;;;;;;;;;;;;;;;;;;;;;;;;;;;;;;;;;;;;;;;;;;;;;;;;;;;;;;;;;;;;;;;;;;;;;;;;;;;;;;;;;;;;;;;;;;;;;;;;;;;;;;;;;;;;;;;;;;;;;;;;;;;;;;;;;;;;;;;;;;;;;;;;;;;;;;;;;;;;;;;;;;;;;;;;;;;;;;;;;;;;;;;;;;;;;;;;;;;;;;;;;;;;;;;;;;;;;;;;;;;;;;;;;;
3402;Flawil;29.76; 27.7 ; 30.3 ; 30.8 ; 34.2 ; 28.5 ; 47.1 ; 44.0 ; 35.2 ; 46.2 ; 37.1 ; 33.5 ; 28.6 ; 31.2 ; 26.8 ; 37.9 ; 36.2 ; 36.5 ; 14.1 ; 35.1 ; 28.6 ; 24.6 ; 92.0 ; 43.1 ; 36.2 ; 44.1 ; 29.5 ; 43.7 ; 57.3 ;;;;;;;;;;;;;;;;;;;;;;;;;;;;;;;;;;;;;;;;;;;;;;;;;;;;;;;;;;;;;;;;;;;;;;;;;;;;;;;;;;;;;;;;;;;;;;;;;;;;;;;;;;;;;;;;;;;;;;;;;;;;;;;;;;;;;;;;;;;;;;;;;;;;;;;;;;;;;;;;;;;;;;;;;;;;;;;;;;;;;;;;;;;;;;;;;;;;;;;;;;;;;;;;;;;;;;;;;;;;;;;;;;;;;;;;;;;
3405;Jonschwil;21.388; 22.3 ; 21.5 ; 31.1 ; 16.6 ; 7.1 ; 21.8 ; 10.3 ; 6.8 ; 14.1 ; 28.1 ; 23.1 ; 49.4 ; 45.0 ; 33.7 ; 1.6 ; 19.7 ; 5.3 ; 17.7 ; 12.4 ; 24.6 ; 11.6 ; 13.9 ; 18.4 ; 20.7 ; 15.9 ; 23.6 ; 23.4 ; 58.6 ;;;;;;;;;;;;;;;;;;;;;;;;;;;;;;;;;;;;;;;;;;;;;;;;;;;;;;;;;;;;;;;;;;;;;;;;;;;;;;;;;;;;;;;;;;;;;;;;;;;;;;;;;;;;;;;;;;;;;;;;;;;;;;;;;;;;;;;;;;;;;;;;;;;;;;;;;;;;;;;;;;;;;;;;;;;;;;;;;;;;;;;;;;;;;;;;;;;;;;;;;;;;;;;;;;;;;;;;;;;;;;;;;;;;;;;;;;;
3422;Niederbüren;8.355; 9.1 ; 6.0 ; 4.2 ; 6.2 ; 7.8 ; 7.0 ; 8.3 ; 7.8 ; 9.3 ; 13.2 ; 12.2 ; 8.6 ; 8.3 ; 3.7 ; 4.6 ; 4.3 ; 7.8 ; 6.3 ; 6.6 ; 4.2 ; 4.9 ; 6.8 ; 12.5 ; 11.2 ; 6.8 ; 6.1 ; 13.6 ; 13.2 ;;;;;;;;;;;;;;;;;;;;;;;;;;;;;;;;;;;;;;;;;;;;;;;;;;;;;;;;;;;;;;;;;;;;;;;;;;;;;;;;;;;;;;;;;;;;;;;;;;;;;;;;;;;;;;;;;;;;;;;;;;;;;;;;;;;;;;;;;;;;;;;;;;;;;;;;;;;;;;;;;;;;;;;;;;;;;;;;;;;;;;;;;;;;;;;;;;;;;;;;;;;;;;;;;;;;;;;;;;;;;;;;;;;;;;;;;;;
3423;Niederhelfenschwil;13.659; 14.8 ; 14.5 ; 17.7 ; 13.4 ; 21.0 ; 21.4 ; 18.5 ; 19.7 ; 11.6 ; 8.0 ; 16.9 ; 15.5 ; 10.4 ; 5.3 ; 9.1 ; 12.4 ; 10.7 ; 11.9 ; 9.1 ; 6.7 ; 7.9 ; 13.2 ; 8.5 ; 15.8 ; 12.7 ; 13.6 ; 19.8 ; 21.8 ;;;;;;;;;;;;;;;;;;;;;;;;;;;;;;;;;;;;;;;;;;;;;;;;;;;;;;;;;;;;;;;;;;;;;;;;;;;;;;;;;;;;;;;;;;;;;;;;;;;;;;;;;;;;;;;;;;;;;;;;;;;;;;;;;;;;;;;;;;;;;;;;;;;;;;;;;;;;;;;;;;;;;;;;;;;;;;;;;;;;;;;;;;;;;;;;;;;;;;;;;;;;;;;;;;;;;;;;;;;;;;;;;;;;;;;;;;;
3424;Oberbüren;39.045; 28.8 ; 20.9 ; 45.5 ; 37.6 ; 34.2 ; 22.2 ; 24.9 ; 24.9 ; 32.6 ; 16.6 ; 28.8 ; 13.9 ; 18.0 ; 16.6 ; 29.0 ; 16.0 ; 15.3 ; 13.4 ; 25.4 ; 22.0 ; 21.5 ; 14.5 ; 15.9 ; 21.8 ; 13.0 ; 15.7 ; 19.9 ; 27.9 ;;;;;;;;;;;;;;;;;;;;;;;;;;;;;;;;;;;;;;;;;;;;;;;;;;;;;;;;;;;;;;;;;;;;;;;;;;;;;;;;;;;;;;;;;;;;;;;;;;;;;;;;;;;;;;;;;;;;;;;;;;;;;;;;;;;;;;;;;;;;;;;;;;;;;;;;;;;;;;;;;;;;;;;;;;;;;;;;;;;;;;;;;;;;;;;;;;;;;;;;;;;;;;;;;;;;;;;;;;;;;;;;;;;;;;;;;;;
3407;Oberuzwil;18.902; 20.6 ; 34.3 ; 30.8 ; 14.9 ; 12.8 ; 20.2 ; 21.3 ; 15.2 ; 20.5 ; 30.6 ; 39.8 ; 20.0 ; 20.4 ; 11.6 ; 14.4 ; 22.3 ; 28.3 ; 27.7 ; 22.5 ; 7.0 ; 13.5 ; 15.4 ; 18.5 ; 14.7 ; 19.2 ; 20.2 ; 18.2 ; 32.3 ;;;;;;;;;;;;;;;;;;;;;;;;;;;;;;;;;;;;;;;;;;;;;;;;;;;;;;;;;;;;;;;;;;;;;;;;;;;;;;;;;;;;;;;;;;;;;;;;;;;;;;;;;;;;;;;;;;;;;;;;;;;;;;;;;;;;;;;;;;;;;;;;;;;;;;;;;;;;;;;;;;;;;;;;;;;;;;;;;;;;;;;;;;;;;;;;;;;;;;;;;;;;;;;;;;;;;;;;;;;;;;;;;;;;;;;;;;;
3408;Uzwil;94.828; 93.7 ; 73.9 ; 64.7 ; 86.3 ; 84.8 ; 59.6 ; 38.2 ; 27.2 ; 15.3 ; 34.2 ; 38.8 ; 53.5 ; 68.0 ; 55.1 ; 41.4 ; 44.0 ; 52.1 ; 39.3 ; 22.0 ; 20.2 ; 19.9 ; 39.4 ; 59.5 ; 61.0 ; 59.9 ; 55.1 ; 54.1 ; 64.5 ;;;;;;;;;;;;;;;;;;;;;;;;;;;;;;;;;;;;;;;;;;;;;;;;;;;;;;;;;;;;;;;;;;;;;;;;;;;;;;;;;;;;;;;;;;;;;;;;;;;;;;;;;;;;;;;;;;;;;;;;;;;;;;;;;;;;;;;;;;;;;;;;;;;;;;;;;;;;;;;;;;;;;;;;;;;;;;;;;;;;;;;;;;;;;;;;;;;;;;;;;;;;;;;;;;;;;;;;;;;;;;;;;;;;;;;;;;;
3427;Wil (SG);103.322; 81.6 ; 88.1 ; 70.6 ; 89.3 ; 105.5 ; 141.2 ; 87.3 ; 88.1 ; 134.1 ; 141.2 ; 76.9 ; 80.9 ; 105.4 ; 124.1 ; 93.4 ; 103.0 ; 153.8 ; 167.9 ; 162.5 ; 122.9 ; 101.0 ; 120.7 ; 105.6 ; 103.6 ; 84.1 ; 121.0 ; 108.5 ; 100.4 ;;;;;;;;;;;;;;;;;;;;;;;;;;;;;;;;;;;;;;;;;;;;;;;;;;;;;;;;;;;;;;;;;;;;;;;;;;;;;;;;;;;;;;;;;;;;;;;;;;;;;;;;;;;;;;;;;;;;;;;;;;;;;;;;;;;;;;;;;;;;;;;;;;;;;;;;;;;;;;;;;;;;;;;;;;;;;;;;;;;;;;;;;;;;;;;;;;;;;;;;;;;;;;;;;;;;;;;;;;;;;;;;;;;;;;;;;;;
3426;Zuzwil (SG);15.723; 33.7 ; 14.0 ; 16.9 ; 19.1 ; 19.1 ; 27.4 ; 35.6 ; 70.9 ; 34.1 ; 27.5 ; 38.4 ; 25.1 ; 16.9 ; 7.6 ; 18.4 ; 23.9 ; 24.4 ; 37.1 ; 16.5 ; 17.0 ; 16.0 ; 17.5 ; 12.7 ; 11.0 ; 13.3 ; 8.5 ; 22.2 ; 26.6 ;;;;;;;;;;;;;;;;;;;;;;;;;;;;;;;;;;;;;;;;;;;;;;;;;;;;;;;;;;;;;;;;;;;;;;;;;;;;;;;;;;;;;;;;;;;;;;;;;;;;;;;;;;;;;;;;;;;;;;;;;;;;;;;;;;;;;;;;;;;;;;;;;;;;;;;;;;;;;;;;;;;;;;;;;;;;;;;;;;;;;;;;;;;;;;;;;;;;;;;;;;;;;;;;;;;;;;;;;;;;;;;;;;;;;;;;;;;
;;;;;;;;;;;;;;;;;;;;;;;;;;;;;;;;;;;;;;;;;;;;;;;;;;;;;;;;;;;;;;;;;;;;;;;;;;;;;;;;;;;;;;;;;;;;;;;;;;;;;;;;;;;;;;;;;;;;;;;;;;;;;;;;;;;;;;;;;;;;;;;;;;;;;;;;;;;;;;;;;;;;;;;;;;;;;;;;;;;;;;;;;;;;;;;;;;;;;;;;;;;;;;;;;;;;;;;;;;;;;;;;;;;;;;;;;;;;;;;;;;;;;;;;;;;;;;;;;;;;;;;;;
---;unzuteilbar;269.863; 233.0 ; 170.5 ; 198.0 ; 187.1 ; 131.2 ; 92.0 ; 112.5 ; 108.4 ; 150.1 ; 200.8 ; 138.6 ; 131.9 ; 139.8 ; 118.4 ; 110.7 ; 105.7 ; 82.1 ; 62.4 ; 60.6 ; 110.6 ; 82.2 ; 71.0 ; 55.3 ; 52.4 ; 56.3 ; 84.9 ; 149.3 ; 122.4 ;;;;;;;;;;;;;;;;;;;;;;;;;;;;;;;;;;;;;;;;;;;;;;;;;;;;;;;;;;;;;;;;;;;;;;;;;;;;;;;;;;;;;;;;;;;;;;;;;;;;;;;;;;;;;;;;;;;;;;;;;;;;;;;;;;;;;;;;;;;;;;;;;;;;;;;;;;;;;;;;;;;;;;;;;;;;;;;;;;;;;;;;;;;;;;;;;;;;;;;;;;;;;;;;;;;;;;;;;;;;;;;;;;;;;;;;;;;